,ID,Name,Age,OVA,Nationality,Club,PlayingPosition,Height,Weight,foot,Value,Wage,Pace,Shot,Pass,Defend,Physical,Goalkeeping,Penalties,Crossing,Finishing,Dribbling
0,158023,L. Messi,33,93,Argentina,FC Barcelona,RW,5.58,159,Left,67000000,560000,85,92,91,38,65,54,75,85,95,96
1,20801,Cristiano Ronaldo,35,92,Portugal,Juventus,ST,6.17,183,Right,46000000,220000,89,93,81,35,77,58,84,84,95,88
2,188545,R. Lewandowski,31,91,Poland,FC Bayern München,ST,6.0,176,Right,80000000,240000,78,91,78,43,82,51,88,71,94,85
3,190871,Neymar Jr,28,91,Brazil,Paris Saint-Germain,LW,5.75,150,Right,90000000,270000,91,85,86,36,59,59,92,85,87,95
4,192985,K. De Bruyne,29,91,Belgium,Manchester City,CAM,5.92,154,Right,87000000,370000,76,86,93,64,78,56,84,94,82,88
5,200389,J. Oblak,27,91,Slovenia,Atlético Madrid,GK,6.17,192,Right,75000000,125000,87,92,78,52,90,437,11,13,11,12
6,192448,M. ter Stegen,28,90,Germany,FC Barcelona,GK,6.17,187,Right,69000000,260000,88,85,88,45,88,439,25,18,14,21
7,203376,V. van Dijk,28,90,Netherlands,Liverpool,CB,6.33,203,Right,75000000,210000,76,60,71,91,86,58,62,53,52,70
8,208722,S. Mané,28,90,Senegal,Liverpool,LW,5.75,152,Right,78000000,250000,94,85,80,44,76,56,71,76,90,91
9,209331,M. Salah,28,90,Egypt,Liverpool,RW,5.75,157,Left,78000000,250000,93,86,81,45,75,62,83,79,91,90
10,212831,Alisson,27,90,Brazil,Liverpool,GK,6.25,201,Right,62000000,160000,86,88,85,51,91,439,23,17,13,27
11,231747,K. Mbappé,21,90,France,Paris Saint-Germain,ST,5.83,161,Right,105000000,160000,96,86,78,39,76,42,70,78,91,92
12,153079,S. Agüero,32,89,Argentina,Manchester City,ST,5.67,154,Right,53000000,300000,78,90,77,33,73,59,75,70,94,88
13,155862,Sergio Ramos,34,89,Spain,Real Madrid,CB,6.0,181,Right,24000000,300000,71,70,76,88,85,46,92,66,65,65
14,165153,K. Benzema,32,89,France,Real Madrid,CF,6.08,179,Right,53000000,350000,74,85,81,40,76,41,84,75,88,87
15,167495,M. Neuer,34,89,Germany,FC Bayern München,GK,6.33,203,Right,29000000,125000,87,87,91,57,86,440,47,15,13,30
16,192119,T. Courtois,28,89,Belgium,Real Madrid,GK,6.5,212,Left,56000000,250000,84,89,74,48,85,420,27,14,14,13
17,200145,Casemiro,28,89,Brazil,Real Madrid,CDM,6.08,185,Right,59000000,310000,65,73,76,86,91,67,66,58,64,69
18,121939,P. Lahm,32,88,Germany,FC Bayern München,RWB,5.58,146,Right,29000000,200000,67,56,82,86,64,47,69,84,47,82
19,162835,S. Handanovič,35,88,Slovenia,Inter,GK,6.33,203,Right,16000000,100000,88,85,73,53,89,424,23,12,10,18
20,182521,T. Kroos,30,88,Germany,Real Madrid,CM,6.0,168,Right,55000000,310000,54,81,91,71,69,51,73,88,76,80
21,183277,E. Hazard,29,88,Belgium,Real Madrid,LW,5.75,163,Right,58000000,350000,88,82,83,35,66,45,87,77,82,93
22,201024,K. Koulibaly,29,88,Senegal,Napoli,CB,6.17,196,Right,50000000,140000,75,28,55,89,86,43,33,30,22,69
23,202126,H. Kane,26,88,England,Tottenham Hotspur,ST,6.17,196,Right,71000000,220000,68,91,80,47,83,54,90,75,94,80
24,202652,R. Sterling,25,88,England,Manchester City,LW,5.58,152,Right,72000000,270000,93,81,79,45,67,63,69,78,85,90
25,210257,Ederson,26,88,Brazil,Manchester City,GK,6.17,190,Left,53000000,195000,86,82,93,63,86,435,17,20,14,23
26,211110,P. Dybala,26,88,Argentina,Juventus,CAM,5.83,165,Left,71000000,190000,85,85,84,43,63,26,86,82,84,91
27,212622,J. Kimmich,25,88,Germany,FC Bayern München,CDM,5.75,161,Right,65000000,145000,71,72,86,81,79,60,44,91,66,83
28,215914,N. Kanté,29,88,France,Chelsea,CDM,5.5,154,Right,51000000,190000,77,66,76,86,82,54,54,68,65,79
29,488,O. Kahn,38,87,Germany,FC Bayern München,GK,6.17,198,Right,0,0,83,88,62,60,92,346,21,21,21,21
30,138956,G. Chiellini,35,87,Italy,Juventus,CB,6.17,187,Left,15000000,94000,66,46,58,90,79,15,50,54,33,59
31,167948,H. Lloris,33,87,France,Tottenham Hotspur,GK,6.17,181,Left,27000000,125000,89,82,68,63,84,413,40,13,10,10
32,176580,L. Suárez,33,87,Uruguay,Atlético Madrid,ST,6.0,190,Right,31000000,115000,70,90,82,51,83,153,83,80,92,84
33,177003,L. Modrić,34,87,Croatia,Real Madrid,CM,5.67,146,Right,24000000,260000,73,76,89,71,66,52,82,86,72,85
34,177176,H. de Noteboom,32,87,Netherlands,Netherlands,ST,6.17,181,Right,0,0,85,88,68,55,80,67,77,70,90,81
35,177193,B. Ronhaar,23,87,Netherlands,Netherlands,CF,5.92,163,Left,0,0,93,71,83,37,65,67,89,87,74,89
36,183898,A. Di María,32,87,Argentina,Paris Saint-Germain,RW,5.92,152,Left,39000000,160000,83,81,85,48,68,51,73,88,79,88
37,186153,W. Szczęsny,30,87,Poland,Juventus,GK,6.42,198,Right,34000000,105000,86,82,73,49,87,416,18,12,12,11
38,188567,P. Aubameyang,31,87,Gabon,Arsenal,ST,6.17,176,Right,45000000,170000,93,86,75,38,69,48,78,76,91,80
39,189511,Sergio Busquets,31,87,Spain,FC Barcelona,CDM,6.17,168,Right,38000000,240000,42,62,80,83,77,48,60,62,67,81
40,192387,C. Immobile,30,87,Italy,Lazio,ST,6.08,187,Right,48000000,125000,84,88,67,39,77,47,88,55,93,83
41,193041,K. Navas,33,87,Costa Rica,Paris Saint-Germain,GK,6.08,176,Right,27000000,110000,90,81,75,53,82,418,25,11,15,16
42,194765,A. Griezmann,29,87,France,FC Barcelona,ST,5.75,161,Left,50000000,290000,79,85,84,57,72,63,86,83,88,87
43,200104,H. Son,27,87,Korea Republic,Tottenham Hotspur,LM,6.0,172,Right,52000000,165000,88,86,80,43,69,53,73,81,86,88
44,201942,Roberto Firmino,28,87,Brazil,Liverpool,CF,5.92,168,Right,52000000,190000,77,80,81,61,78,44,72,73,80,90
45,209499,Fabinho,26,87,Brazil,Liverpool,CDM,6.17,172,Right,54000000,155000,67,69,79,85,83,47,90,75,63,76
46,212198,Bruno Fernandes,25,87,Portugal,Manchester United,CAM,5.83,152,Right,63000000,195000,77,83,88,68,75,63,91,87,77,85
47,212218,A. Laporte,26,87,France,Manchester City,CB,6.17,187,Left,56000000,200000,63,50,72,88,81,45,44,58,45,63
48,216267,A. Robertson,26,87,Scotland,Liverpool,LB,5.83,141,Left,53000000,155000,82,62,80,81,76,50,55,90,57,80
49,218667,Bernardo Silva,25,87,Portugal,Manchester City,RW,5.67,141,Left,60000000,230000,81,77,83,51,67,54,68,85,79,92
50,231281,T. Alexander-Arnold,21,87,England,Liverpool,RB,5.92,152,Right,60000000,110000,80,66,87,80,71,56,55,93,56,77
51,233049,J. Sancho,20,87,England,Borussia Dortmund,CAM,5.92,168,Right,69000000,82000,83,74,81,37,64,52,60,83,81,92
52,10535,Xavi,34,86,Spain,FC Barcelona,CAM,5.58,148,Right,15000000,160000,66,72,90,60,58,46,75,85,74,80
53,143076,A. Gómez,32,86,Argentina,Atalanta,CAM,5.5,150,Right,34000000,100000,90,79,84,39,55,46,72,83,80,87
54,152729,Piqué,33,86,Spain,FC Barcelona,CB,6.33,187,Right,21000000,220000,57,61,71,86,80,58,69,57,65,63
55,168542,David Silva,34,86,Spain,Real Sociedad,CAM,5.67,148,Left,22000000,58000,64,74,88,52,55,46,75,84,72,86
56,177182,J. Maatje,33,86,Netherlands,Netherlands,ST,6.08,161,Left,0,0,86,90,58,45,68,66,94,61,93,72
57,177509,M. Benatia,31,86,Morocco,Juventus,CB,6.17,207,Right,30000000,160000,71,45,54,87,84,37,41,45,47,64
58,177683,Y. Sommer,31,86,Switzerland,Borussia Mönchengladbach,GK,6.0,174,Right,28000000,55000,80,86,85,51,87,423,24,13,13,15
59,178603,M. Hummels,31,86,Germany,Borussia Dortmund,CB,6.25,207,Right,33000000,93000,58,58,77,89,77,42,68,65,55,69
60,179813,E. Cavani,32,86,Uruguay,Paris Saint-Germain,ST,6.08,170,Right,35000000,150000,75,85,70,55,83,53,85,68,87,75
61,183711,J. Henderson,30,86,England,Liverpool,CDM,6.0,176,Right,36000000,140000,65,74,84,81,82,49,64,82,73,78
62,189332,Jordi Alba,31,86,Spain,FC Barcelona,LB,5.58,150,Left,32000000,220000,88,69,81,78,72,60,59,85,73,81
63,189596,T. Müller,30,86,Germany,FC Bayern München,CAM,6.08,165,Right,42000000,130000,68,82,82,56,71,52,60,85,85,75
64,193080,De Gea,29,86,Spain,Manchester United,GK,6.33,181,Right,31000000,150000,88,81,78,58,82,418,29,17,13,18
65,195864,P. Pogba,27,86,France,Manchester United,CM,6.25,185,Right,50000000,190000,73,81,86,66,85,20,83,80,75,87
66,199556,M. Verratti,27,86,Italy,Paris Saint-Germain,CM,5.42,132,Right,50000000,135000,64,60,85,79,67,64,64,75,60,90
67,201535,R. Varane,27,86,France,Real Madrid,CB,6.25,179,Right,46000000,220000,82,49,64,87,82,50,43,42,46,55
68,204963,Carvajal,28,86,Spain,Real Madrid,RB,5.67,161,Right,38000000,230000,80,54,78,82,80,65,45,84,51,78
69,208830,J. Vardy,33,86,England,Leicester City,ST,5.83,163,Right,28000000,160000,88,85,66,55,75,62,84,68,92,77
70,164169,Filipe Luís,32,85,Brazil,Atlético Madrid,LWB,6.0,163,Left,21000000,80000,75,62,78,81,78,49,65,86,59,77
71,164240,Thiago Silva,35,85,Brazil,Chelsea,CB,6.0,174,Right,11000000,93000,59,54,72,86,78,45,60,60,40,67
72,175943,D. Mertens,33,85,Belgium,Napoli,CF,5.58,134,Right,24000000,115000,86,82,80,35,51,39,79,79,84,88
73,180206,M. Pjanić,30,85,Bosnia Herzegovina,FC Barcelona,CM,5.83,159,Right,35000000,220000,67,68,87,75,67,42,79,81,56,86
74,181291,G. Wijnaldum,29,85,Netherlands,Liverpool,CM,5.75,152,Right,37000000,150000,76,75,81,78,79,54,74,72,75,85
75,182493,D. Godín,34,85,Uruguay,Cagliari,CB,6.17,172,Right,14000000,56000,57,48,64,87,79,49,50,52,42,53
76,184087,T. Alderweireld,31,85,Belgium,Tottenham Hotspur,CB,6.08,179,Right,28000000,130000,63,55,72,87,79,66,58,64,45,62
77,184267,Y. Brahimi,28,85,Algeria,FC Porto,RW,5.75,146,Right,39000000,30000,80,75,78,41,59,55,75,79,76,93
78,184344,L. Bonucci,33,85,Italy,Juventus,CB,6.25,187,Right,18000000,110000,60,58,69,87,77,13,70,44,48,69
79,185122,P. Gulácsi,30,85,Hungary,RB Leipzig,GK,6.25,190,Right,26000000,65000,84,85,82,43,84,421,24,16,10,19
80,188350,M. Reus,31,85,Germany,Borussia Dortmund,CAM,5.92,157,Right,34000000,94000,80,86,84,45,63,61,91,85,86,85
81,188377,K. Walker,30,85,England,Manchester City,RB,6.0,154,Right,30000000,170000,92,63,76,80,82,57,63,81,51,79
82,189509,Thiago,29,85,Spain,Liverpool,CM,5.75,154,Right,37000000,150000,64,72,85,70,62,46,75,78,68,90
83,189513,Parejo,31,85,Spain,Villarreal CF,CM,6.0,163,Right,33000000,59000,50,83,90,71,69,48,88,86,83,82
84,190460,C. Eriksen,28,85,Denmark,Inter,CAM,5.92,168,Right,39000000,155000,72,81,88,53,63,43,67,86,77,77
85,191043,Alex Sandro,29,85,Brazil,Juventus,LB,5.92,176,Left,31000000,120000,81,65,77,81,81,40,60,84,55,80
86,192505,R. Lukaku,27,85,Belgium,Inter,ST,6.25,207,Left,45000000,165000,81,83,76,38,84,54,78,73,86,78
87,192563,B. Leno,28,85,Germany,Arsenal,GK,6.25,181,Right,33000000,105000,85,83,80,56,84,418,23,9,9,16
88,193747,Koke,28,85,Spain,Atlético Madrid,CM,5.75,170,Right,38000000,92000,67,75,85,76,80,54,59,85,72,80
89,198219,L. Insigne,29,85,Italy,Napoli,LW,5.33,130,Right,37000000,120000,88,78,83,36,44,45,74,83,75,90
90,198706,Luis Alberto,27,85,Spain,Lazio,CAM,6.0,163,Right,40000000,99000,74,76,86,58,59,43,56,76,77,86
91,201399,M. Icardi,27,85,Argentina,Paris Saint-Germain,ST,5.92,165,Right,45000000,135000,73,85,65,36,68,43,82,47,90,76
92,202556,M. Depay,26,85,Netherlands,Olympique Lyonnais,CAM,5.75,172,Right,48000000,115000,86,83,81,32,80,50,73,83,83,85
93,204485,R. Mahrez,29,85,Algeria,Manchester City,RW,5.83,148,Left,37000000,210000,83,79,81,38,59,54,70,83,79,90
94,206113,S. Gnabry,24,85,Germany,FC Bayern München,RM,5.75,165,Right,47000000,100000,82,83,78,43,70,50,68,79,85,87
95,207865,Marquinhos,26,85,Brazil,Paris Saint-Germain,CB,6.0,165,Right,44000000,115000,72,41,73,87,78,47,47,68,33,64
96,208670,H. Ziyech,27,85,Morocco,Chelsea,CAM,5.92,143,Left,44000000,140000,80,76,87,50,66,51,67,88,73,83
97,210243,Ricardo Pereira,26,85,Portugal,Leicester City,RB,5.75,154,Right,40000000,120000,83,66,79,81,76,65,61,82,63,82
98,212188,T. Werner,24,85,Germany,Chelsea,ST,5.92,168,Right,49000000,135000,91,85,69,35,71,50,78,69,88,84
99,220440,C. Lenglet,25,85,France,FC Barcelona,CB,6.08,179,Left,44000000,190000,74,45,67,87,81,48,49,55,39,57
100,222492,L. Sané,24,85,Germany,FC Bayern München,LM,6.0,165,Left,51000000,100000,93,81,79,38,67,52,71,83,81,88
101,223848,S. Milinković-Savić,25,85,Serbia,Lazio,CM,6.25,168,Right,49000000,94000,69,79,80,79,85,47,56,64,80,86
102,228702,F. de Jong,23,85,Netherlands,FC Barcelona,CM,5.92,163,Right,50000000,190000,80,64,84,76,77,49,45,75,63,87
103,230621,G. Donnarumma,21,85,Italy,Milan,GK,6.42,198,Right,41000000,34000,89,81,76,50,83,418,24,12,12,28
104,231677,M. Rashford,22,85,England,Manchester United,RM,6.08,154,Right,53000000,150000,91,83,78,45,78,53,81,77,83,87
105,231866,Rodri,24,85,Spain,Manchester City,CDM,6.25,181,Right,44000000,145000,65,68,77,82,79,49,46,63,64,76
106,232363,M. Škriniar,25,85,Slovakia,Inter,CB,6.17,176,Right,44000000,130000,69,41,59,87,81,55,56,40,42,67
107,235243,M. de Ligt,20,85,Netherlands,Juventus,CB,6.17,196,Right,49000000,80000,72,59,66,85,84,56,40,52,50,66
108,235790,K. Havertz,21,85,Germany,Chelsea,CAM,6.17,183,Left,57000000,105000,84,81,79,45,67,47,73,73,85,86
109,135507,Fernandinho,35,84,Brazil,Manchester City,CB,5.83,148,Right,9000000,110000,64,72,78,85,79,48,61,68,66,76
110,146536,Jesús Navas,34,84,Spain,Sevilla FC,RB,5.67,132,Right,11000000,43000,87,69,79,80,58,55,56,83,66,84
111,163587,K. Schmeichel,33,84,Denmark,Leicester City,GK,6.17,196,Right,17000000,90000,82,77,83,54,79,410,26,18,12,12
112,168435,S. Sirigu,33,84,Italy,Torino,GK,6.33,176,Right,17000000,54000,84,80,76,51,84,406,19,13,10,15
113,173210,C. Marchisio,31,84,Italy,Juventus,CM,5.92,163,Right,19000000,130000,78,69,83,74,74,17,78,76,56,84
114,176266,Lucas Leiva,33,84,Brazil,Lazio,CDM,5.83,172,Right,15000000,83000,60,66,76,83,71,37,61,63,62,77
115,177413,A. Witsel,31,84,Belgium,Borussia Dortmund,CDM,6.08,179,Right,23000000,79000,63,73,81,82,82,36,76,69,71,79
116,178005,Rui Patrício,32,84,Portugal,Wolverhampton Wanderers,GK,6.25,185,Left,19000000,90000,84,80,77,55,82,406,32,12,12,20
117,184432,Azpilicueta,30,84,Spain,Chelsea,RB,5.83,170,Right,24000000,120000,67,55,77,84,76,43,66,81,46,67
118,185020,José Callejón,33,84,Spain,Napoli,RM,5.83,161,Right,19000000,96000,88,78,75,47,63,49,62,82,78,82
119,189117,R. Bürki,29,84,Switzerland,Borussia Dortmund,GK,6.17,187,Right,25000000,67000,85,82,72,47,82,409,20,15,8,12
120,190483,Douglas Costa,29,84,Brazil,Juventus,LM,5.67,154,Left,30000000,120000,93,73,79,43,59,54,77,82,64,92
121,192629,Iago Aspas,32,84,Spain,RC Celta,ST,5.75,148,Left,25000000,46000,82,85,78,35,63,62,82,80,89,87
122,193165,J. Corona,27,84,Mexico,Mexico,RM,5.67,137,Right,32000000,25000,84,68,78,77,60,50,68,84,69,89
123,193474,I. Gueye,30,84,Senegal,Paris Saint-Germain,CDM,5.75,146,Right,25000000,105000,69,61,71,85,79,47,54,60,53,76
124,197445,D. Alaba,28,84,Austria,FC Bayern München,CB,5.92,172,Left,27000000,105000,77,70,81,83,76,50,79,80,60,77
125,197781,Isco,28,84,Spain,Real Madrid,CAM,5.75,174,Right,31000000,210000,68,75,82,59,59,51,76,78,76,92
126,197965,Pizzi,30,84,Portugal,Portugal,RM,5.83,159,Right,29000000,25000,75,78,83,65,68,62,78,80,78,83
127,198176,S. de Vrij,28,84,Netherlands,Inter,CB,6.17,172,Right,30000000,130000,68,41,62,86,75,52,41,49,25,66
128,199451,W. Ben Yedder,29,84,France,AS Monaco,CF,5.58,150,Right,31000000,91000,84,83,77,39,63,42,80,74,88,87
129,200458,L. Digne,26,84,France,Everton,LB,5.83,163,Left,31000000,110000,78,69,80,80,76,46,60,87,60,78
130,200647,J. Iličić,32,84,Slovenia,Atalanta,CAM,6.25,174,Left,25000000,92000,70,86,84,43,68,52,78,82,85,88
131,204838,R. Jiménez,29,84,Mexico,Wolverhampton Wanderers,ST,6.17,179,Right,31000000,140000,78,82,76,49,83,55,92,73,84,84
132,207863,Felipe,31,84,Brazil,Atlético Madrid,CB,6.25,183,Right,23000000,74000,62,41,58,86,86,50,47,45,39,57
133,208421,Saúl,25,84,Spain,Atlético Madrid,CM,6.0,168,Left,38000000,77000,68,79,79,78,79,51,68,69,78,81
134,209658,L. Goretzka,25,84,Germany,FC Bayern München,CM,6.17,168,Right,39000000,105000,78,78,80,77,85,56,60,75,79,82
135,209889,R. Guerreiro,26,84,Portugal,Borussia Dortmund,CAM,5.58,157,Left,36000000,86000,74,78,84,73,57,45,44,82,80,87
136,209989,T. Partey,27,84,Ghana,Atlético Madrid,CM,6.08,170,Right,35000000,81000,71,74,81,82,85,49,49,74,68,84
137,210035,Grimaldo,24,84,Spain,SL Benfica,LWB,5.58,152,Left,35000000,20000,85,65,79,77,71,50,54,84,52,84
138,211256,N. Tagliafico,27,84,Argentina,Ajax,LB,5.67,143,Left,27000000,27000,82,56,73,82,79,63,46,82,57,73
139,211300,A. Martial,24,84,France,Manchester United,ST,6.0,168,Right,41000000,155000,89,83,74,41,72,51,81,72,85,89
140,212190,N. Süle,24,84,Germany,FC Bayern München,CB,6.42,214,Right,37000000,84000,69,42,59,85,81,58,32,34,22,43
141,212194,J. Brandt,24,84,Germany,Borussia Dortmund,CAM,6.08,183,Right,40000000,75000,81,78,82,51,66,55,54,81,77,88
142,212462,Alex Telles,27,84,Brazil,FC Porto,LB,5.92,157,Left,31000000,23000,85,74,83,79,76,58,81,89,65,82
143,213345,K. Coman,24,84,France,FC Bayern München,RM,5.83,165,Right,40000000,94000,93,76,77,29,59,21,70,77,76,88
144,216352,M. Brozović,27,84,Croatia,Inter,CDM,5.92,150,Right,32000000,125000,63,74,80,79,78,50,69,72,69,81
145,216460,J. Giménez,25,84,Uruguay,Atlético Madrid,CB,6.08,176,Right,36000000,70000,67,45,53,86,83,52,38,47,37,50
146,226753,A. Onana,24,84,Cameroon,Ajax,GK,6.25,205,Right,30000000,18000,84,80,87,63,82,419,27,15,12,26
147,226790,W. Ndidi,23,84,Nigeria,Leicester City,CB,6.0,163,Right,36000000,96000,71,62,68,87,84,54,55,50,50,72
148,230142,Oyarzabal,23,84,Spain,Real Sociedad,CAM,5.92,174,Left,42000000,47000,81,82,80,41,63,50,83,82,84,85
149,230658,Arthur,23,84,Brazil,Juventus,CM,5.58,161,Right,41000000,98000,66,73,82,75,71,55,69,73,70,87
150,231478,L. Martínez,22,84,Argentina,Inter,ST,5.75,179,Right,44000000,130000,83,82,71,48,82,48,74,56,86,87
151,239085,E. Haaland,19,84,Norway,Borussia Dortmund,ST,6.33,194,Left,45000000,56000,84,87,63,43,85,52,80,46,87,75
152,1615,L. Thuram,35,83,France,FC Barcelona,CB,6.08,174,Right,0,0,75,34,63,85,84,71,89,67,21,63
153,5003,Cafu,37,83,Brazil,Milan,CF,5.75,165,Right,0,0,80,46,75,87,69,79,92,85,22,82
154,13038,Puyol,35,83,Spain,FC Barcelona,CB,5.83,176,Right,1000000,100000,64,46,60,86,77,54,58,53,37,54
155,41236,Z. Ibrahimović,38,83,Sweden,Milan,ST,6.42,209,Right,9000000,49000,52,88,77,34,77,59,89,68,86,80
156,51539,E. van der Sar,39,83,Netherlands,Manchester United,GK,6.5,196,Right,0,0,82,87,85,45,93,422,24,14,11,13
157,135567,Nilmar,26,83,Brazil,Villarreal CF,ST,5.92,163,Right,16000000,90000,92,80,70,23,58,43,75,70,85,87
158,137186,A. Barzagli,37,83,Italy,Juventus,CB,6.17,192,Right,1000000,90000,68,34,56,88,72,16,60,40,21,64
159,139869,W. Sneijder,33,83,Netherlands,OGC Nice,CAM,5.58,159,Right,15000000,50000,68,78,86,38,57,50,68,86,72,82
160,162347,João Moutinho,33,83,Portugal,Wolverhampton Wanderers,CM,5.58,134,Right,15000000,110000,56,75,86,72,66,69,70,85,73,82
161,163705,S. Mandanda,35,83,France,Olympique de Marseille,GK,6.08,181,Right,7000000,28000,81,81,78,48,81,405,11,14,13,19
162,167664,G. Higuaín,32,83,Argentina,Inter Miami,ST,6.08,196,Right,20000000,17000,65,85,71,31,69,39,70,68,87,80
163,169195,Renato Augusto,32,83,Brazil,Beijing Sinobo Guoan FC,CM,6.08,190,Right,19000000,33000,71,79,82,72,77,56,78,75,78,82
164,169416,C. Vela,31,83,Mexico,Los Angeles FC,RW,5.83,170,Left,22000000,17000,80,82,78,31,67,53,72,78,85,84
165,170481,E. Garay,32,83,Argentina,Valencia CF,CB,6.17,198,Right,16000000,48000,43,60,68,82,81,60,71,62,51,60
166,170890,B. Matuidi,33,83,France,Inter Miami,CDM,5.92,165,Left,12000000,14000,75,66,75,82,79,48,56,74,60,76
167,172871,J. Vertonghen,33,83,Belgium,Belgium,CB,6.17,190,Left,12000000,21000,58,62,72,85,78,44,66,70,54,70
168,173731,G. Bale,30,83,Wales,Tottenham Hotspur,RW,6.08,181,Left,24000000,130000,88,84,82,58,73,52,76,87,81,80
169,176676,Marcelo,32,83,Brazil,Real Madrid,LB,5.75,165,Left,16000000,170000,79,73,80,76,76,36,59,84,73,89
170,178518,R. Nainggolan,32,83,Belgium,Inter,CDM,5.75,143,Right,20000000,125000,71,80,80,83,81,55,63,73,75,83
171,178562,E. Banega,32,83,Argentina,Al Shabab,CM,5.75,157,Right,19000000,55000,63,74,84,76,70,45,78,80,71,83
172,180930,E. Džeko,34,83,Bosnia Herzegovina,Roma,ST,6.33,176,Right,13000000,500,59,84,71,46,73,63,67,63,88,76
173,181783,M. Mandžukić,33,83,Croatia,Juventus,ST,6.25,187,Right,16000000,140000,68,78,71,65,85,46,75,72,83,75
174,181872,A. Vidal,33,83,Chile,Inter,CM,5.92,165,Right,15000000,125000,65,79,79,83,86,16,81,76,75,76
175,183512,Yuri Berchiche,30,83,Spain,Athletic Club de Bilbao,LB,5.92,176,Left,20000000,35000,83,68,76,80,83,53,59,82,61,72
176,184134,Fernando,32,83,Brazil,Sevilla FC,CDM,6.0,168,Right,17000000,39000,66,62,74,82,82,29,54,62,54,71
177,186345,K. Trippier,29,83,England,Atlético Madrid,RB,5.67,157,Right,21000000,71000,73,60,81,79,72,54,66,86,48,74
178,186942,I. Gündoğan,29,83,Germany,Manchester City,CM,5.92,176,Right,25000000,160000,66,74,84,72,71,48,80,78,71,84
179,187961,Paulinho,31,83,Brazil,Guangzhou Evergrande Taobao FC,CM,6.0,176,Right,22000000,39000,72,82,77,80,85,57,71,67,84,82
180,188152,Oscar,28,83,Brazil,Shanghai SIPG FC,CAM,5.83,146,Right,26000000,25000,78,79,83,58,65,61,70,81,78,81
181,188943,K. Trapp,29,83,Germany,Eintracht Frankfurt,GK,6.17,194,Right,18000000,35000,82,78,79,49,83,407,17,13,13,10
182,189242,Coutinho,28,83,Brazil,FC Barcelona,CAM,5.67,150,Right,26000000,190000,72,79,82,52,59,48,70,79,76,89
183,189575,Muniain,27,83,Spain,Athletic Club de Bilbao,LW,5.58,146,Right,27000000,41000,81,75,80,51,60,45,61,79,79,87
184,190941,L. Hrádecký,30,83,Finland,Bayer 04 Leverkusen,GK,6.33,181,Right,17000000,63000,85,78,69,41,83,402,20,11,11,10
185,192774,K. Manolas,29,83,Greece,Napoli,CB,6.17,183,Right,24000000,84000,82,25,42,85,79,49,26,27,25,54
186,192984,K. Casteels,28,83,Belgium,VfL Wolfsburg,GK,6.5,190,Left,22000000,53000,83,80,80,45,83,410,20,15,15,14
187,193301,A. Lacazette,29,83,France,Arsenal,ST,5.75,170,Right,26000000,125000,76,82,75,46,75,37,76,68,83,84
188,193314,Aitor,29,83,Spain,Levante UD,GK,6.0,172,Right,18000000,31000,84,78,74,55,81,403,24,30,12,22
189,197061,J. Matip,28,83,Cameroon,Liverpool,CB,6.33,198,Right,25000000,115000,60,46,68,85,78,53,42,54,36,69
190,198717,W. Zaha,27,83,Ivory Coast,Crystal Palace,LM,5.92,146,Right,27000000,82000,90,75,72,34,75,61,72,76,77,90
191,199042,C. Aránguiz,31,83,Chile,Bayer 04 Leverkusen,CDM,5.58,154,Right,19000000,78000,60,72,82,78,73,55,76,78,66,79
192,199434,D. Tadić,31,83,Serbia,Ajax,CF,5.92,168,Left,23000000,30000,66,80,84,41,73,61,83,84,83,84
193,199482,A. Lopes,29,83,Portugal,Olympique Lyonnais,GK,6.0,179,Left,21000000,69000,85,80,74,64,80,405,16,19,18,15
194,199564,Sergi Roberto,28,83,Spain,FC Barcelona,RB,5.83,150,Right,22000000,175000,77,63,81,77,73,66,57,83,63,78
195,199845,F. Acerbi,32,83,Italy,Lazio,CB,6.33,194,Left,16000000,75000,62,50,62,86,83,53,72,25,37,65
196,199914,Allan,29,83,Brazil,Everton,CDM,5.75,163,Right,25000000,115000,73,71,77,85,83,44,53,70,74,82
197,200949,Lucas Moura,27,83,Brazil,Tottenham Hotspur,RM,5.75,154,Right,27000000,120000,92,78,72,43,67,54,74,73,79,88
198,203486,T. Hazard,27,83,Belgium,Borussia Dortmund,LM,5.75,157,Right,27000000,78000,84,77,81,52,67,37,81,81,76,86
199,204923,M. Sabitzer,26,83,Austria,RB Leipzig,CAM,5.83,168,Right,31000000,73000,80,83,80,65,78,66,65,74,81,79
200,205069,Juan Bernat,27,83,Spain,Paris Saint-Germain,LB,5.58,148,Left,25000000,95000,81,64,79,76,67,56,53,85,65,83
201,205070,Portu,28,83,Spain,Real Sociedad,RW,5.5,146,Right,26000000,50000,90,79,81,59,79,67,53,80,82,84
202,205498,Jorginho,28,83,Italy,Chelsea,CM,5.92,150,Right,25000000,125000,55,65,84,72,73,56,91,75,60,79
203,205600,S. Umtiti,26,83,France,FC Barcelona,CB,6.0,165,Left,28000000,170000,66,62,69,83,79,66,61,61,51,64
204,205678,E. Višća,30,83,Bosnia Herzegovina,Medipol Başakşehir FK,RM,5.67,139,Right,24000000,59000,88,77,79,47,64,64,75,82,76,79
205,207410,M. Kovačić,26,83,Croatia,Chelsea,CM,5.75,176,Right,31000000,120000,75,69,83,69,70,34,59,73,61,88
206,208093,Gerard Moreno,28,83,Spain,Villarreal CF,ST,5.92,170,Left,27000000,56000,76,84,76,46,73,56,75,78,88,81
207,208574,F. Kostić,27,83,Serbia,Eintracht Frankfurt,LM,6.0,181,Left,27000000,45000,88,76,79,68,80,64,64,89,74,85
208,210413,A. Romagnoli,25,83,Italy,Milan,CB,6.17,172,Left,30000000,51000,70,40,56,85,78,52,34,36,30,68
209,210514,João Cancelo,26,83,Portugal,Manchester City,RWB,6.0,163,Right,28000000,140000,86,65,79,77,70,58,46,83,58,85
210,211117,D. Alli,24,83,England,Tottenham Hotspur,CAM,6.17,176,Right,34000000,105000,72,80,79,71,79,41,76,68,82,84
211,211688,Gayà,25,83,Spain,Valencia CF,LWB,5.67,146,Left,30000000,46000,84,61,78,79,70,53,52,81,61,79
212,212151,T. Strakosha,25,83,Albania,Lazio,GK,6.33,172,Right,25000000,57000,86,79,75,44,81,409,21,18,18,14
213,215333,D. Zapata,29,83,Colombia,Atalanta,ST,6.17,194,Right,26000000,87000,75,81,59,37,83,40,70,44,88,79
214,216547,Rafa,27,83,Portugal,Portugal,LM,5.67,146,Right,27000000,23000,94,73,74,50,52,51,59,78,74,88
215,216594,N. Fekir,26,83,France,Real Betis,CAM,5.67,165,Left,30000000,38000,79,82,81,38,79,61,74,79,82,88
216,219693,Diego Carlos,27,83,Brazil,Sevilla FC,CB,6.08,190,Right,27000000,39000,77,47,63,82,83,49,41,35,32,65
217,220407,M. Dúbravka,31,83,Slovakia,Newcastle United,GK,6.25,176,Right,16000000,47000,79,80,81,46,82,408,20,12,10,19
218,221087,Pau López,25,83,Spain,Roma,GK,6.17,170,Left,25000000,500,82,83,79,49,82,410,25,24,19,18
219,221363,D. van de Beek,23,83,Netherlands,Manchester United,CM,6.0,163,Right,33000000,125000,70,80,78,72,80,51,63,67,79,76
220,222665,M. Ødegaard,21,83,Norway,Real Madrid,CAM,5.83,150,Left,36000000,135000,78,75,84,58,63,62,63,84,74,86
221,224334,M. Acuña,28,83,Argentina,Sevilla FC,LB,5.67,152,Left,22000000,41000,76,74,82,78,82,62,76,87,66,87
222,225100,J. Gomez,23,83,England,Liverpool,CB,6.17,170,Right,31000000,93000,82,30,66,83,80,49,26,69,26,67
223,225953,S. Bergwijn,22,83,Netherlands,Tottenham Hotspur,CAM,5.83,172,Right,34000000,105000,87,79,78,39,72,64,68,78,77,87
224,227928,Nélson Semedo,26,83,Portugal,Wolverhampton Wanderers,RWB,5.83,152,Right,28000000,100000,92,57,69,77,76,64,38,76,50,82
225,228618,F. Mendy,25,83,France,Real Madrid,LB,5.92,161,Left,30000000,160000,92,64,76,78,82,51,49,78,63,80
226,229261,D. Zakaria,23,83,Switzerland,Borussia Mönchengladbach,CDM,6.25,176,Right,30000000,45000,83,64,75,81,85,55,38,68,66,78
227,229880,A. Wan-Bissaka,22,83,England,Manchester United,RB,6.0,159,Right,30000000,115000,86,51,68,82,74,39,56,74,44,82
228,230481,Ronaldo Cabrais,28,83,Brazil,Grêmio,RM,5.83,165,Right,26000000,49000,88,77,83,35,72,65,77,83,74,85
229,230666,Gabriel Jesus,23,83,Brazil,Manchester City,ST,5.75,161,Right,34000000,150000,85,82,72,42,71,48,75,66,85,86
230,231443,O. Dembélé,23,83,France,FC Barcelona,LM,5.83,148,Left,35000000,175000,92,77,77,36,56,49,75,81,75,89
231,235212,A. Hakimi,21,83,Morocco,Inter,RM,5.92,161,Right,35000000,92000,94,70,76,72,76,46,46,81,73,84
232,239053,F. Valverde,21,83,Uruguay,Real Madrid,CM,6.0,172,Right,36000000,135000,86,74,78,77,80,45,59,66,70,79
233,1179,G. Buffon,42,82,Italy,Juventus,GK,6.33,203,Right,2000000,41000,77,76,74,33,91,396,22,13,15,26
234,1183,F. Cannavaro,35,82,Italy,Juventus,CB,5.75,165,Right,0,0,68,34,62,87,76,68,83,42,21,52
235,1186,Couto,37,82,Portugal,Parma,CB,6.0,185,Right,0,0,59,53,68,80,67,71,51,66,36,59
236,1256,C. Seedorf,37,82,Netherlands,Botafogo,CAM,5.83,176,Right,2000000,60000,64,78,85,50,70,68,79,84,72,84
237,5740,J. Stam,34,82,Netherlands,Ajax,CB,6.17,190,Right,0,0,69,38,46,82,86,72,90,40,24,56
238,23330,M. Bordon,33,82,Brazil,FC Schalke 04,CB,6.17,198,Left,0,0,57,60,66,83,84,69,80,54,37,53
239,45197,Xabi Alonso,34,82,Spain,FC Bayern München,CM,6.0,176,Right,6000000,100000,33,71,86,72,68,45,80,79,56,75
240,50752,L. King,30,82,England,Tottenham Hotspur,CB,6.17,190,Right,7000000,60000,67,34,49,83,73,54,32,19,34,53
241,53302,D. De Rossi,35,82,Italy,Boca Juniors,CB,6.0,183,Right,7000000,20000,59,64,73,85,77,49,80,57,50,64
242,106573,Victor Valdés,34,82,Spain,Middlesbrough,GK,6.0,172,Right,13000000,40000,81,78,75,42,84,401,26,10,12,12
243,139720,V. Kompany,33,82,Belgium,RSC Anderlecht,CB,6.25,187,Right,10000000,29000,50,53,68,83,78,38,63,61,45,63
244,146530,Dani Alves,35,82,Brazil,Paris Saint-Germain,CAM,5.67,150,Right,4000000,60000,76,71,82,76,66,38,70,85,61,84
245,146562,Santi Cazorla,35,82,Spain,Spain,CM,5.5,143,Right,0,0,62,79,85,66,60,42,90,85,78,85
246,157481,Raúl Albiol,34,82,Spain,Villarreal CF,CB,6.17,163,Right,8000000,41000,45,41,62,86,75,36,37,38,27,59
247,165580,Diego Alves,31,82,Brazil,Valencia CF,GK,6.17,183,Left,16000000,30000,86,75,76,54,76,398,24,24,20,14
248,168651,I. Rakitić,32,82,Croatia,Sevilla FC,CM,6.0,172,Right,17000000,39000,61,79,85,75,69,51,82,84,77,78
249,176635,M. Özil,31,82,Germany,Arsenal,CAM,5.92,157,Left,19000000,100000,64,69,85,24,55,50,67,81,68,82
250,176769,Jonas,34,82,Brazil,SL Benfica,CF,5.92,163,Right,11000000,20000,62,85,76,38,63,43,84,70,87,82
251,177388,D. Payet,33,82,France,Olympique de Marseille,LW,5.75,170,Right,13000000,59000,70,79,84,39,67,61,82,85,78,86
252,177457,L. Bender,31,82,Germany,Bayer 04 Leverkusen,RB,6.08,172,Right,16000000,72000,60,64,72,84,77,44,52,71,58,71
253,178750,Sergio Asenjo,31,82,Spain,Villarreal CF,GK,6.17,192,Right,14000000,34000,84,82,77,56,80,405,15,24,14,15
254,180403,Willian,31,82,Brazil,Arsenal,RW,5.75,170,Right,19000000,110000,82,79,80,49,59,59,79,76,77,88
255,181458,I. Perišić,31,82,Croatia,Inter,LM,6.08,176,Left,19000000,115000,79,81,78,62,76,38,76,83,80,79
256,182494,F. Muslera,34,82,Uruguay,Galatasaray SK,GK,6.25,163,Right,9000000,64000,84,76,75,61,82,400,24,15,10,25
257,183907,J. Boateng,31,82,Germany,FC Bayern München,CB,6.33,198,Right,16000000,82000,70,50,72,82,79,45,46,69,34,64
258,184200,M. Arnautović,31,82,Austria,Austria,ST,6.33,183,Right,20000000,24000,80,82,79,44,81,64,79,78,81,78
259,185103,A. Kolarov,34,82,Serbia,Inter,LB,6.17,179,Left,8000000,105000,68,74,81,82,77,61,80,90,60,80
260,186561,A. Ramsey,29,82,Wales,Juventus,CM,6.0,168,Right,21000000,98000,68,77,79,68,73,40,75,75,75,81
261,190286,Canales,29,82,Spain,Real Betis,CAM,5.75,143,Left,21000000,36000,78,80,83,65,68,68,74,79,82,83
262,190815,D. Blind,30,82,Netherlands,Ajax,CB,5.92,159,Left,18000000,23000,54,65,81,83,73,55,54,80,62,75
263,193105,A. Areola,27,82,France,Fulham,GK,6.42,207,Right,20000000,93000,85,79,80,55,78,406,25,20,19,12
264,193525,Mário Fernandes,29,82,Russia,PFC CSKA Moscow,RWB,6.17,176,Right,18000000,59000,82,61,74,79,79,64,53,76,56,80
265,193698,O. Baumann,30,82,Germany,TSG 1899 Hoffenheim,GK,6.17,181,Right,15000000,37000,81,80,79,49,79,401,22,14,11,19
266,194404,Neto,30,82,Brazil,FC Barcelona,GK,6.25,185,Right,15000000,125000,84,79,78,54,79,400,22,11,15,19
267,198009,M. Perin,27,82,Italy,Genoa,GK,6.17,170,Right,18000000,20000,82,82,71,56,79,401,21,11,11,19
268,198329,Rodrigo,29,82,Spain,Leeds United,ST,6.0,170,Left,22000000,140000,91,79,76,44,71,46,77,77,80,81
269,198710,J. Rodríguez,28,82,Colombia,Everton,CAM,5.92,165,Left,22000000,105000,53,86,85,50,63,64,81,90,84,86
270,200888,Danilo Pereira,28,82,Portugal,Portugal,CDM,6.17,183,Right,20000000,20000,66,63,72,80,85,58,57,58,57,75
271,201095,A. Marchesín,32,82,Argentina,Argentina,GK,6.17,187,Right,13000000,16000,82,78,76,53,81,403,14,18,14,24
272,201153,Morata,27,82,Spain,Juventus,ST,6.25,185,Right,26000000,100000,80,80,71,31,77,22,75,73,83,83
273,201305,Gabriel Paulista,29,82,Brazil,Valencia CF,CB,6.08,159,Right,21000000,46000,68,49,71,84,83,58,51,67,42,60
274,202857,K. Bellarabi,30,82,Germany,Bayer 04 Leverkusen,RM,6.0,179,Right,21000000,78000,90,76,74,34,72,50,57,78,74,86
275,203263,H. Maguire,27,82,England,Manchester United,CB,6.33,220,Right,24000000,120000,50,53,69,82,85,62,44,51,48,71
276,203841,N. Pope,28,82,England,Burnley,GK,6.58,168,Right,18000000,59000,79,81,75,48,83,402,22,11,14,15
277,204120,T. Vaclík,31,82,Czech Republic,Sevilla FC,GK,6.17,187,Right,14000000,29000,82,76,76,37,81,400,13,15,14,14
278,204970,F. Thauvin,27,82,France,Olympique de Marseille,RW,5.83,154,Left,23000000,59000,82,80,81,41,68,52,78,82,79,82
279,205632,L. Ocampos,25,82,Argentina,Sevilla FC,ST,6.17,185,Right,26000000,40000,82,83,78,63,84,53,79,79,85,84
280,206585,Kepa,25,82,Spain,Chelsea,GK,6.08,194,Right,21000000,76000,81,82,85,33,79,409,24,25,11,10
281,207862,M. Ginter,26,82,Germany,Borussia Mönchengladbach,CB,6.25,190,Right,23000000,48000,61,58,70,85,78,46,67,68,55,61
282,208333,E. Can,26,82,Germany,Borussia Dortmund,CB,6.08,190,Right,26000000,72000,74,78,79,83,87,54,60,71,76,82
283,208418,Y. Carrasco,26,82,Belgium,Atlético Madrid,LM,5.92,159,Right,24000000,67000,91,81,75,36,65,49,81,76,81,86
284,208808,Q. Promes,28,82,Netherlands,Ajax,CAM,5.75,159,Right,22000000,26000,89,80,79,46,71,49,74,81,81,83
285,209960,Pacheco,28,82,Spain,Deportivo Alavés,GK,6.08,179,Left,19000000,28000,81,79,71,45,83,398,23,14,16,13
286,210665,M. Halstenberg,28,82,Germany,RB Leipzig,LB,6.17,192,Left,19000000,64000,66,66,73,81,80,64,73,82,59,71
287,212523,Anderson Talisca,26,82,Brazil,Guangzhou Evergrande Taobao FC,CAM,6.25,176,Left,27000000,36000,80,82,81,54,75,59,75,75,80,82
288,214997,A. Correa,25,82,Argentina,Atlético Madrid,CAM,5.58,154,Right,28000000,65000,84,80,75,54,70,56,55,74,82,87
289,215316,G. Rulli,28,82,Argentina,Villarreal CF,GK,6.17,185,Right,20000000,35000,85,78,77,54,78,406,24,12,15,14
290,215698,M. Maignan,24,82,France,LOSC Lille,GK,6.25,201,Right,21000000,31000,80,80,82,46,82,407,15,18,13,22
291,216354,A. Kramarić,29,82,Croatia,TSG 1899 Hoffenheim,ST,5.83,161,Right,22000000,56000,71,85,73,30,71,58,90,76,86,86
292,217940,D. Djené,28,82,Togo,Getafe CF,CB,5.83,159,Right,21000000,39000,72,37,62,84,80,49,41,60,29,50
293,220814,L. Hernández,24,82,France,FC Bayern München,CB,6.0,168,Left,26000000,70000,77,54,70,83,79,49,42,78,53,65
294,220834,Marco Asensio,24,82,Spain,Real Madrid,CAM,6.0,168,Left,29000000,160000,79,80,81,43,61,50,62,81,77,84
295,222737,Malcom,21,82,Brazil,FC Barcelona,CAM,5.67,163,Left,31000000,140000,84,79,79,27,64,53,68,79,75,85
296,223697,R. Gosens,25,82,Germany,Atalanta,LM,6.0,168,Left,24000000,68000,83,74,78,77,80,64,50,82,77,78
297,223952,David Soria,27,82,Spain,Getafe CF,GK,6.33,187,Right,18000000,30000,83,81,72,41,81,401,23,15,19,16
298,224293,Rúben Neves,23,82,Portugal,Wolverhampton Wanderers,CM,5.92,176,Right,29000000,89000,61,75,84,71,73,56,76,78,66,76
299,225375,K. Laimer,23,82,Austria,RB Leipzig,CDM,5.92,159,Right,26000000,53000,85,68,78,80,77,58,54,78,69,79
300,226110,N. Pépé,25,82,Ivory Coast,Arsenal,LM,6.0,161,Left,28000000,98000,89,78,75,33,66,50,85,78,77,85
301,226161,Marcos Llorente,25,82,Spain,Atlético Madrid,CM,6.0,163,Right,27000000,65000,84,74,79,78,82,51,64,73,74,82
302,226226,G. Lo Celso,24,82,Argentina,Tottenham Hotspur,CAM,5.83,150,Left,29000000,95000,77,77,82,65,73,56,65,78,76,85
303,226271,Fabián,24,82,Spain,Napoli,CM,6.17,154,Left,30000000,70000,63,78,78,74,68,60,67,72,79,85
304,230168,Raphaelito Anjos,32,82,Brazil,Grêmio,GK,6.25,187,Right,13000000,32000,79,84,77,42,83,401,14,10,8,9
305,230375,Josué Chiamulera,28,82,Brazil,Grêmio,CB,6.08,176,Right,19000000,41000,78,43,56,85,79,69,56,40,38,56
306,236583,J. Pavlenka,28,82,Czech Republic,SV Werder Bremen,GK,6.42,179,Right,18000000,32000,84,76,68,36,76,391,18,11,16,12
307,245279,Reguilón,23,82,Spain,Tottenham Hotspur,LB,5.83,150,Left,27000000,85000,85,55,73,78,70,51,42,79,52,78
308,41,Iniesta,36,81,Spain,Vissel Kobe,CAM,5.58,150,Right,5000000,12000,58,70,85,63,59,45,71,75,69,85
309,5680,P. Kluivert,30,81,Netherlands,LOSC Lille,ST,6.17,176,Right,0,0,81,80,73,46,80,75,77,67,85,78
310,9676,S. Eto-o,36,81,Cameroon,Atiker Konyaspor,ST,5.83,165,Right,6000000,20000,74,82,74,37,70,53,85,69,84,80
311,13743,S. Gerrard,36,81,England,LA Galaxy,CM,6.0,183,Right,1000000,10000,54,81,83,67,75,56,85,86,76,74
312,31432,D. Drogba,38,81,Ivory Coast,,ST,6.17,176,Right,0,0,64,82,67,36,78,49,84,67,82,74
313,45661,Raúl,34,81,Spain,FC Schalke 04,CAM,5.92,150,Left,4000000,50000,63,79,75,31,65,51,76,68,85,82
314,48940,P. Čech,36,81,Czech Republic,Arsenal,GK,6.42,198,Left,2000000,60000,77,82,68,37,83,389,23,19,12,12
315,53116,F. Miccoli,33,81,Italy,Palermo,CAM,5.5,161,Right,5000000,40000,85,82,79,27,60,55,88,78,80,83
316,106231,Aduriz,38,81,Spain,Athletic Club de Bilbao,ST,6.0,172,Right,6000000,27000,59,81,65,49,75,57,86,54,82,74
317,112316,J. Mathieu,35,81,France,Sporting CP,CB,6.17,185,Left,5000000,13000,68,65,71,83,81,51,78,76,54,65
318,120533,Pepe,37,81,Portugal,Portugal,CB,6.17,179,Right,3000000,13000,66,51,60,82,85,47,57,46,46,58
319,140601,N. Vidić,33,81,Serbia,Inter,CB,6.25,194,Right,7000000,80000,52,33,48,84,79,40,43,34,26,43
320,146954,Gabi,33,81,Spain,Atlético Madrid,CM,5.92,163,Right,10000000,60000,64,73,79,75,73,43,83,67,67,74
321,153244,A. Gignac,34,81,France,Tigres U.A.N.L.,ST,6.17,196,Right,9000000,66000,67,83,74,43,83,61,80,72,85,76
322,156519,H. Herrera,30,81,Mexico,Atlético Madrid,CM,6.08,176,Right,16000000,62000,71,75,75,78,83,54,67,65,72,76
323,156616,F. Ribéry,37,81,France,Fiorentina,CAM,5.58,159,Right,6000000,54000,74,74,82,30,53,47,78,80,74,87
324,163489,A. Consigli,33,81,Italy,Sassuolo,GK,6.17,181,Right,9000000,32000,81,82,72,40,80,398,21,10,10,10
325,164835,L. Fabiański,35,81,Poland,West Ham United,GK,6.25,183,Right,4000000,26000,80,82,70,48,81,395,22,14,13,14
326,167628,S. Ruffier,33,81,France,AS Saint-Étienne,GK,6.17,205,Right,9000000,32000,80,81,74,48,82,398,25,11,11,12
327,171877,M. Hamšík,32,81,Slovakia,Dalian YiFang FC,CM,6.0,161,Right,13000000,25000,70,77,82,72,72,46,70,78,74,81
328,173198,D. Astori,30,81,Italy,Fiorentina,CB,6.17,176,Left,13000000,70000,68,36,53,84,77,20,27,34,25,56
329,173426,S. Mignolet,32,81,Belgium,Club Brugge KV,GK,6.33,192,Right,11000000,26000,80,75,76,51,84,397,41,11,11,14
330,173521,Marcano,33,81,Spain,FC Porto,CB,6.17,170,Left,8000000,18000,65,46,60,84,76,61,45,49,43,54
331,177458,S. Bender,31,81,Germany,Bayer 04 Leverkusen,CB,6.08,179,Right,13000000,66000,66,52,63,84,77,57,34,43,39,58
332,177610,Javi Martínez,31,81,Spain,FC Bayern München,CB,6.33,190,Right,13000000,76000,37,55,69,84,80,45,52,58,43,61
333,177635,B. Trémoulinas,30,81,France,Sevilla FC,LB,5.67,143,Left,11000000,20000,82,64,78,77,71,52,77,86,58,75
334,179846,S. Khedira,33,81,Germany,Juventus,CM,6.17,198,Right,10000000,87000,45,74,77,79,78,48,68,72,68,80
335,183574,M. Kruse,32,81,Germany,1. FC Union Berlin,CAM,5.92,168,Left,14000000,42000,66,81,81,45,70,46,92,79,80,82
336,187754,Marlos,32,81,Ukraine,Shakhtar Donetsk,RM,5.75,168,Left,14000000,500,80,78,78,47,69,49,80,75,79,87
337,188803,Taison,32,81,Brazil,Shakhtar Donetsk,LM,5.67,165,Right,14000000,500,92,78,75,47,67,53,72,73,74,87
338,190972,E. Salvio,29,81,Argentina,Boca Juniors,RM,5.67,150,Right,17000000,26000,86,76,73,58,69,48,76,74,75,86
339,192638,Marcos Alonso,29,81,Spain,Chelsea,LB,6.17,187,Left,14000000,96000,65,75,78,77,79,50,64,83,71,78
340,193082,J. Cuadrado,32,81,Colombia,Juventus,RW,5.83,159,Right,11000000,79000,89,72,78,72,64,38,65,83,64,90
341,193283,T. Delaney,28,81,Denmark,Borussia Dortmund,CB,6.0,174,Left,16000000,63000,77,73,73,82,82,60,60,67,72,74
342,193348,X. Shaqiri,28,81,Switzerland,Liverpool,RM,5.58,159,Left,18000000,105000,78,77,80,46,67,59,65,79,70,84
343,195365,K. Kampl,29,81,Slovenia,RB Leipzig,CM,5.83,146,Right,17000000,65000,69,67,80,63,62,53,64,72,62,85
344,197655,S. Coates,29,81,Uruguay,Sporting CP,CB,6.42,203,Right,15000000,19000,59,43,54,83,86,73,72,17,42,64
345,198164,Jonathan Viera,30,81,Spain,Beijing Sinobo Guoan FC,CAM,5.58,148,Right,17000000,28000,81,75,81,63,69,64,74,73,76,85
346,198950,Pablo Sarabia,28,81,Spain,Paris Saint-Germain,RW,5.75,154,Left,18000000,100000,73,76,82,57,57,58,69,83,77,84
347,199575,Jordi Masip,31,81,Spain,Real Valladolid CF,GK,5.92,150,Right,11000000,21000,82,82,72,65,77,397,12,20,12,17
348,199987,J. Cillessen,31,81,Netherlands,Valencia CF,GK,6.08,183,Right,11000000,33000,81,80,77,53,80,397,21,17,10,12
349,200260,S. Berghuis,28,81,Netherlands,Feyenoord,CAM,6.0,165,Left,18000000,23000,80,80,83,36,64,49,82,83,78,81
350,200454,Paco Alcácer,26,81,Spain,Villarreal CF,ST,5.75,159,Right,21000000,45000,78,84,67,35,62,53,71,53,85,78
351,200610,K. Volland,27,81,Germany,AS Monaco,ST,5.83,187,Left,19000000,68000,73,84,79,41,84,43,72,78,84,79
352,201119,Ismaily,30,81,Brazil,Shakhtar Donetsk,LB,5.83,190,Left,14000000,500,82,64,74,75,75,51,51,80,60,83
353,201417,M. Doherty,28,81,Republic of Ireland,Tottenham Hotspur,RWB,6.0,192,Right,15000000,96000,72,64,73,76,79,55,48,80,62,74
354,201995,Felipe Anderson,27,81,Brazil,West Ham United,LM,5.75,154,Right,18000000,53000,89,75,78,55,60,43,53,79,70,87
355,202371,T. Meunier,28,81,Belgium,Borussia Dortmund,RB,6.25,181,Right,15000000,63000,77,73,76,77,84,51,65,81,70,75
356,202651,Suso,26,81,Spain,Sevilla FC,CAM,5.75,154,Left,19000000,39000,76,75,82,33,53,56,72,84,70,87
357,203551,A. Florenzi,29,81,Italy,Paris Saint-Germain,RB,5.67,148,Right,14000000,84000,81,77,76,77,73,48,75,76,70,77
358,204259,S. Arias,28,81,Colombia,Bayer 04 Leverkusen,RB,5.83,159,Right,15000000,69000,81,53,70,77,78,66,56,77,51,74
359,204399,E. Zahavi,32,81,Israel,PSV,ST,6.0,157,Right,14000000,27000,79,82,75,39,73,62,75,69,86,82
360,204639,S. Savić,29,81,Montenegro,Atlético Madrid,CB,6.17,179,Right,17000000,60000,61,35,54,84,72,66,37,35,34,47
361,204884,B. Mendy,25,81,France,Manchester City,LWB,6.08,187,Left,19000000,115000,80,54,77,77,77,47,50,87,39,79
362,204935,J. Pickford,26,81,England,Everton,GK,6.08,170,Left,16000000,70000,81,77,87,48,77,407,45,17,19,14
363,205175,A. Milik,26,81,Poland,Napoli,ST,6.08,172,Left,22000000,80000,68,85,64,39,73,62,79,58,88,76
364,205452,A. Rüdiger,27,81,Germany,Chelsea,CB,6.25,187,Right,18000000,92000,70,43,67,82,80,59,40,68,32,60
365,205659,A. Cragno,26,81,Italy,Cagliari,GK,6.0,172,Right,16000000,32000,84,78,69,39,76,395,31,15,12,13
366,205693,S. Haller,26,81,France,West Ham United,ST,6.25,181,Right,22000000,58000,70,80,62,51,82,40,91,42,84,74
367,205849,E. Andrada,29,81,Argentina,Argentina,GK,6.33,183,Right,14000000,19000,77,79,82,44,82,403,19,15,14,16
368,205988,L. Shaw,24,81,England,Manchester United,LB,5.92,165,Left,19000000,97000,78,53,74,80,78,49,44,75,44,78
369,207877,J. Martínez,27,81,Venezuela,Atlanta United,ST,5.58,152,Right,21000000,14000,89,80,61,25,75,60,79,53,85,76
370,208461,M. de Roon,29,81,Netherlands,Atalanta,CDM,6.08,168,Right,15000000,62000,64,68,72,82,80,60,80,68,60,71
371,209297,Fred,27,81,Brazil,Manchester United,CM,5.58,137,Left,19000000,115000,79,71,79,75,70,64,66,74,69,82
372,210008,A. Rabiot,25,81,France,Juventus,CM,6.33,176,Left,21000000,83000,72,74,78,77,79,52,67,70,69,78
373,210455,Jonny,26,81,Spain,Wolverhampton Wanderers,LWB,5.58,154,Right,19000000,86000,77,53,71,79,70,45,46,78,49,76
374,211591,M. Dembélé,23,81,France,Olympique Lyonnais,ST,6.0,163,Right,23000000,71000,81,79,62,30,83,49,76,50,85,75
375,211990,O. Vlachodimos,26,81,Greece,Greece,GK,6.17,170,Right,17000000,14000,84,76,67,43,77,390,18,15,12,13
376,212823,Gabriel Barbosa,22,81,Brazil,Inter,CF,5.83,150,Left,23000000,70000,78,80,70,32,67,44,85,72,83,82
377,213565,T. Lemar,24,81,France,Atlético Madrid,CAM,5.58,137,Left,23000000,54000,80,76,81,59,62,60,68,83,75,84
378,215223,W. Benítez,27,81,Argentina,OGC Nice,GK,6.25,205,Right,15000000,35000,80,79,77,48,80,399,25,12,14,15
379,215330,J. Correa,25,81,Argentina,Lazio,CAM,6.17,170,Right,22000000,73000,84,75,77,39,69,44,57,74,77,88
380,215998,I. Fernández,30,81,Argentina,River Plate,CM,6.0,154,Left,16000000,24000,76,78,81,70,74,51,73,77,78,83
381,216189,Capa,28,81,Spain,Athletic Club de Bilbao,RB,5.75,165,Right,15000000,31000,83,65,77,75,88,54,54,81,56,78
382,216201,Iñaki Williams,26,81,Spain,Athletic Club de Bilbao,ST,6.08,174,Right,22000000,35000,94,79,72,39,81,66,64,76,79,81
383,216393,Y. Tielemans,23,81,Belgium,Leicester City,CM,5.75,159,Right,23000000,82000,64,78,82,69,71,50,72,79,73,78
384,216409,M. Politano,26,81,Italy,Napoli,RM,5.58,148,Left,19000000,74000,83,77,78,42,55,48,70,80,76,83
385,220697,J. Maddison,23,81,England,Leicester City,CAM,5.75,161,Right,23000000,82000,75,76,84,54,58,65,74,81,72,81
386,220793,D. Sánchez,24,81,Colombia,Tottenham Hotspur,CB,6.17,174,Right,20000000,79000,74,45,56,82,81,47,44,36,40,63
387,220971,N. Keïta,25,81,Guinea,Liverpool,CAM,5.67,141,Right,22000000,96000,71,73,76,65,66,59,58,62,74,87
388,222716,Everton,24,81,Brazil,SL Benfica,CAM,5.75,159,Right,24000000,17000,86,75,73,32,60,73,64,74,76,87
389,223689,W. Weghorst,27,81,Netherlands,VfL Wolfsburg,ST,6.5,185,Right,19000000,62000,65,82,59,39,85,62,77,42,86,65
390,223959,L. Torreira,24,81,Uruguay,Arsenal,CDM,5.5,143,Right,21000000,74000,74,67,75,79,74,39,48,71,61,77
391,224411,Gonçalo Guedes,23,81,Portugal,Valencia CF,LM,5.83,150,Right,24000000,39000,87,79,76,36,69,50,69,78,76,83
392,225850,P. Kimpembe,24,81,France,Paris Saint-Germain,CB,6.17,176,Left,21000000,69000,73,39,67,82,84,53,50,62,31,60
393,226851,B. Pavard,24,81,France,FC Bayern München,CB,6.08,168,Right,20000000,65000,69,53,73,81,76,53,51,77,43,68
394,227290,M. Dmitrović,28,81,Serbia,SD Eibar,GK,6.33,207,Left,15000000,30000,78,80,79,37,81,400,9,30,20,8
395,227796,C. Pulisic,21,81,United States,Chelsea,RM,5.83,152,Right,24000000,83000,89,70,72,37,59,63,61,72,72,86
396,229984,B. Chilwell,23,81,England,Chelsea,LB,5.83,170,Left,20000000,79000,76,52,74,77,75,48,52,78,47,78
397,230225,Juiano Mestres,24,81,Brazil,Brazil,CB,5.92,181,Right,0,0,71,61,57,82,80,73,62,40,56,60
398,230256,Adryan Zonta,28,81,Brazil,Brazil,LWB,5.67,150,Left,15000000,48000,93,66,75,72,77,60,65,81,59,77
399,230258,Rosberto Dourado,20,81,Brazil,Atlético Mineiro,CDM,5.75,154,Right,17000000,31000,77,57,74,82,68,62,77,61,53,77
400,230294,Louri Beretta,28,81,Brazil,Atlético Mineiro,ST,6.17,183,Right,18000000,53000,78,84,62,33,71,78,77,56,85,75
401,230347,Welington Dano,20,81,Brazil,Brazil,LB,5.83,152,Left,0,0,79,54,76,75,74,60,61,82,51,77
402,230384,Nuno Padrenda,24,81,Brazil,Brazil,CAM,5.92,165,Right,19000000,43000,82,73,77,52,70,45,55,67,72,84
403,230430,Oswaldinato,28,81,Brazil,Brazil,ST,6.0,174,Right,18000000,56000,76,81,67,20,78,43,87,68,85,78
404,231943,Richarlison,23,81,Brazil,Everton,ST,5.92,157,Right,25000000,90000,83,78,72,50,80,51,75,73,82,84
405,233419,Raphinha,23,81,Brazil,Stade Rennais FC,LM,5.75,150,Left,23000000,50000,91,75,74,49,71,50,73,76,72,84
406,234396,A. Davies,19,81,Canada,FC Bayern München,LB,5.92,159,Left,22000000,40000,96,67,69,76,76,47,60,73,67,85
407,234906,H. Aouar,22,81,France,Olympique Lyonnais,CAM,5.75,154,Right,26000000,65000,76,75,80,66,69,48,71,68,76,85
408,235374,M. Lazzari,26,81,Italy,Lazio,RM,5.75,148,Right,21000000,70000,89,62,77,54,63,47,55,83,67,82
409,236792,T. Souček,25,81,Czech Republic,West Ham United,CDM,6.33,190,Right,21000000,46000,65,69,73,80,83,43,70,69,68,74
410,239231,Cucurella,21,81,Spain,Getafe CF,LM,5.67,146,Left,26000000,28000,81,67,78,73,74,50,47,80,67,79
411,239818,Rúben Dias,23,81,Portugal,Manchester City,CB,6.17,181,Right,22000000,105000,65,38,54,83,84,47,45,34,29,57
412,241461,Ferran Torres,20,81,Spain,Manchester City,RM,6.0,170,Right,26000000,97000,82,76,78,34,64,59,66,77,77,82
413,241852,M. Diaby,20,81,France,Bayer 04 Leverkusen,LM,5.58,148,Left,25000000,54000,93,66,74,43,53,47,42,74,71,87
414,242444,João Félix,20,81,Portugal,Atlético Madrid,CAM,5.92,154,Right,32000000,51000,81,81,74,40,69,66,68,73,82,83
415,251573,Renan Lodi,22,81,Brazil,Atlético Madrid,LB,5.67,150,Left,21000000,49000,84,67,76,75,75,55,54,81,64,81
416,246,P. Scholes,37,80,England,Manchester United,CAM,5.58,157,Right,400000,40000,53,76,87,59,61,47,77,83,65,75
417,330,R. Keane,35,80,Republic of Ireland,LA Galaxy,CF,5.75,161,Right,5000000,10000,68,82,75,31,69,63,75,68,84,82
418,1238,F. Totti,39,80,Italy,Roma,CAM,5.92,181,Right,1000000,60000,38,84,87,21,67,53,86,83,81,82
419,3647,M. Ballack,34,80,Germany,Bayer 04 Leverkusen,CM,6.17,194,Right,3000000,30000,62,81,79,73,79,51,91,73,75,71
420,3922,B. Schneider,34,80,Germany,Bayer 04 Leverkusen,CF,5.83,179,Right,0,0,61,62,88,68,61,76,85,87,57,83
421,6235,P. Nedved,35,80,Czech Republic,Juventus,CF,5.83,154,Right,0,0,74,80,83,69,78,77,84,82,73,78
422,9014,A. Robben,36,80,Netherlands,FC Groningen,CAM,5.92,176,Left,5000000,12000,74,82,78,30,57,65,78,76,80,88
423,20289,Y. Touré,35,80,Ivory Coast,Olympiacos CFP,CM,6.25,203,Right,6000000,2000,54,79,79,67,77,53,89,67,75,80
424,30110,D. Berbatov,34,80,Bulgaria,PAOK,ST,6.17,165,Right,7000000,50000,57,80,80,22,60,53,86,78,83,81
425,45186,Joaquín,38,80,Spain,Real Betis,CAM,5.83,165,Right,5000000,22000,69,79,83,44,57,50,75,84,81,83
426,48717,Júlio César,37,80,Brazil,SL Benfica,GK,6.08,174,Left,1000000,9000,83,77,62,41,77,380,13,18,12,27
427,49370,T. Motta,34,80,Italy,Paris Saint-Germain,CDM,6.17,181,Left,4000000,80000,29,62,76,76,80,46,70,66,53,65
428,53612,P. Mertesacker,32,80,Germany,Arsenal,CB,6.5,198,Right,8000000,110000,26,41,55,84,69,50,42,38,36,39
429,135377,Jefferson,33,80,Brazil,Brazil,GK,6.17,198,Left,0,0,78,79,71,43,78,388,21,14,14,12
430,135460,Alex,35,80,Brazil,Coritiba,CAM,5.75,161,Left,3000000,45000,46,80,83,30,60,46,90,79,77,83
431,138412,J. Milner,34,80,England,Liverpool,CDM,5.75,154,Right,7000000,94000,58,70,82,77,77,45,89,86,62,77
432,138449,Kaká,35,80,Brazil,,CAM,6.08,183,Right,0,0,62,76,79,30,58,19,84,74,74,79
433,139068,Nani,33,80,Portugal,Orlando City SC,LW,5.83,154,Right,9000000,13000,72,76,79,37,67,40,70,80,70,86
434,146482,Xabi Prieto,33,80,Spain,Real Sociedad,CM,6.17,168,Right,8000000,40000,48,75,84,46,60,47,84,88,74,77
435,146760,Juanfran,33,80,Spain,Atlético Madrid,RB,5.92,157,Right,5000000,50000,79,58,74,76,76,57,66,81,54,75
436,148119,I. Akinfeev,34,80,Russia,PFC CSKA Moscow,GK,6.08,172,Right,6000000,40000,77,72,78,50,82,393,10,19,13,15
437,159065,E. Lavezzi,34,80,Argentina,Hebei China Fortune FC,CAM,5.67,165,Right,8000000,20000,80,78,78,38,70,53,71,77,77,82
438,159145,B. Gomis,34,80,France,Al Hilal,ST,6.0,170,Right,8000000,53000,67,82,67,36,74,56,83,64,84,78
439,159261,F. Quagliarella,37,80,Italy,Sampdoria,CF,5.92,174,Right,5000000,22000,64,85,75,30,63,26,85,66,84,79
440,162240,M. Dembélé,32,80,Belgium,Guangzhou R&F FC,CM,6.08,187,Left,11000000,22000,73,68,77,73,79,71,63,65,64,89
441,167397,Falcao,34,80,Colombia,Galatasaray SK,ST,5.83,159,Right,8000000,81000,64,80,69,43,69,43,81,55,83,73
442,168609,Miranda,35,80,Brazil,Jiangsu Suning FC,CB,6.08,176,Right,4000000,18000,65,49,66,81,77,53,49,48,43,67
443,169588,J. Evans,32,80,Northern Ireland,Leicester City,CB,6.17,170,Right,9000000,80000,57,32,61,82,75,67,44,52,28,42
444,170368,E. Lamela,28,80,Argentina,Tottenham Hotspur,RM,6.0,176,Left,15000000,98000,75,78,80,55,71,57,75,78,76,85
445,171579,Raúl García,33,80,Spain,Athletic Club de Bilbao,CM,6.0,183,Right,9000000,33000,46,83,81,72,83,75,81,80,83,80
446,172522,D. Wass,31,80,Denmark,Valencia CF,RB,5.92,163,Right,10000000,38000,75,77,80,77,76,56,64,79,75,76
447,173373,S. Romero,33,80,Argentina,Manchester United,GK,6.33,190,Right,8000000,85000,78,76,81,45,79,397,16,11,14,12
448,173771,L. Piszczek,35,80,Poland,Borussia Dortmund,CB,6.0,174,Right,4000000,41000,72,68,74,81,78,57,65,77,64,71
449,177600,Beñat,32,80,Spain,Athletic Club de Bilbao,CM,5.83,168,Right,11000000,30000,52,72,83,67,71,59,69,80,65,68
450,177604,Nacho Monreal,34,80,Spain,Real Sociedad,LB,5.92,170,Left,5000000,32000,67,61,72,80,68,29,61,76,55,73
451,178086,Adán,33,80,Spain,Sporting CP,GK,6.25,203,Left,8000000,13000,77,80,78,55,79,394,25,12,11,12
452,178372,B. Ivanović,36,80,Serbia,West Bromwich Albion,CB,6.08,201,Right,3000000,61000,62,61,68,81,83,61,58,72,57,58
453,179645,S. Kjær,31,80,Denmark,Milan,CB,6.25,181,Right,11000000,43000,61,55,64,81,75,54,61,50,55,46
454,179844,Diego Costa,31,80,Spain,Atlético Madrid,ST,6.17,183,Right,13000000,63000,73,79,65,48,86,55,75,65,82,75
455,179944,David Luiz,33,80,Brazil,Arsenal,CB,6.17,190,Right,7000000,80000,60,65,74,79,77,54,75,68,55,68
456,180175,Alexandre Pato,28,80,Brazil,Tianjin Quanjian FC,CF,5.92,179,Right,15000000,30000,85,77,69,32,69,59,74,68,80,81
457,184431,S. Giovinco,33,80,Italy,Al Hilal,CAM,5.33,134,Right,9000000,49000,80,77,78,27,56,21,73,73,76,85
458,184941,A. Sánchez,31,80,Chile,Inter,LW,5.5,137,Right,13000000,105000,79,78,77,44,70,60,74,77,76,85
459,184942,Giuliano,30,80,Brazil,Al Nassr,CAM,5.67,150,Right,14000000,49000,79,76,77,46,75,57,79,75,76,80
460,184943,Ramires,31,80,Brazil,Jiangsu Suning FC,CDM,5.83,152,Right,10000000,30000,81,68,73,77,74,48,67,69,65,77
461,185221,Luiz Gustavo,32,80,Brazil,Fenerbahçe SK,CDM,6.17,172,Left,9000000,68000,57,60,69,78,82,52,58,63,48,68
462,187072,L. Stindl,31,80,Germany,Borussia Mönchengladbach,CAM,5.92,176,Right,13000000,45000,59,82,78,59,72,53,83,74,80,78
463,188829,N. Nkoulou,30,80,Cameroon,Torino,CB,6.0,170,Right,12000000,48000,70,44,64,82,73,41,50,60,33,68
464,189125,G. Bonaventura,30,80,Italy,Fiorentina,CM,5.92,165,Right,13000000,61000,72,77,82,72,67,60,68,82,70,83
465,189271,F. Coquelin,29,80,France,Villarreal CF,CDM,5.75,163,Right,14000000,41000,71,67,76,79,81,51,52,69,64,80
466,189362,Hulk,33,80,Brazil,Shanghai SIPG FC,LW,5.92,187,Left,9000000,20000,80,82,77,46,86,46,78,75,79,85
467,189505,Pedro,32,80,Spain,Roma,RW,5.58,148,Right,11000000,500,73,76,76,43,50,52,66,78,75,82
468,189690,Guaita,33,80,Spain,Crystal Palace,GK,6.25,176,Right,8000000,48000,81,80,77,52,78,398,29,35,11,16
469,189805,L. de Jong,29,80,Netherlands,Sevilla FC,ST,6.17,190,Right,15000000,38000,55,78,70,50,76,53,67,66,80,66
470,190544,A. Ljajić,28,80,Serbia,Beşiktaş JK,CAM,6.0,163,Right,15000000,77000,78,75,80,37,61,45,75,82,70,85
471,190584,Illarramendi,30,80,Spain,Real Sociedad,CDM,5.83,163,Right,12000000,32000,52,71,78,77,69,59,50,68,72,78
472,190674,B. André,29,80,France,LOSC Lille,CDM,5.92,163,Right,12000000,42000,68,64,74,79,84,54,66,72,61,75
473,191202,N. Matić,31,80,Serbia,Manchester United,CDM,6.33,183,Left,11000000,105000,44,68,76,80,77,57,64,70,59,78
474,192064,Ricardo Goulart,29,80,China PR,Hebei China Fortune FC,CF,5.92,176,Right,15000000,23000,81,78,77,41,70,46,76,73,77,78
475,192318,M. Götze,27,80,Germany,Borussia Dortmund,CAM,5.75,165,Right,16000000,84000,70,76,84,55,69,49,79,82,76,85
476,192679,Escudero,30,80,Spain,Sevilla FC,LB,5.75,159,Left,11000000,31000,72,63,75,79,71,58,66,79,56,68
477,192789,Mario Gaspar,29,80,Spain,Villarreal CF,RB,6.0,163,Right,12000000,37000,75,70,71,79,77,53,50,78,68,73
478,192883,H. Mkhitaryan,31,80,Armenia,Roma,RM,5.83,165,Right,13000000,500,78,75,78,56,64,42,72,78,73,83
479,194022,André Almeida,29,80,Portugal,SL Benfica,RB,6.08,176,Right,12000000,17000,66,63,76,80,81,47,43,80,58,75
480,195086,D. Lovren,29,80,Croatia,Liverpool,CB,6.17,185,Right,12000000,90000,53,40,59,80,78,58,52,59,33,63
481,195093,Willian José,28,80,Brazil,Real Sociedad,ST,6.17,201,Right,15000000,40000,67,80,67,40,82,68,76,54,82,76
482,195859,D. Ings,27,80,England,Southampton,ST,5.83,161,Right,16000000,70000,76,81,67,32,69,57,79,64,85,79
483,195861,Y. Rakitskyi,28,80,Ukraine,Shakhtar Donetsk,CDM,6.08,183,Left,12000000,2000,71,68,76,80,83,53,50,68,57,69
484,196432,E. Pérez,34,80,Argentina,River Plate,CDM,5.83,170,Right,5000000,21000,68,69,77,77,79,55,75,68,64,77
485,197242,G. Krychowiak,30,80,Poland,Lokomotiv Moscow,CDM,6.17,185,Right,12000000,53000,68,76,72,76,81,50,78,63,72,70
486,197853,S. Aurier B,27,80,Ivory Coast,Tottenham Hotspur,RB,5.75,163,Right,13000000,86000,76,60,73,77,77,57,64,81,55,76
487,198141,Bartra,29,80,Spain,Real Betis,CB,6.0,161,Right,12000000,29000,72,61,72,80,74,58,52,57,55,70
488,198951,C. Bakambu,29,80,DR Congo,Beijing Sinobo Guoan FC,ST,6.0,163,Right,15000000,30000,90,80,72,36,77,45,71,74,84,77
489,199005,M. Ryan,28,80,Australia,Brighton & Hove Albion,GK,6.0,181,Right,13000000,53000,81,75,82,52,78,398,25,23,11,13
490,199503,G. Xhaka,27,80,Switzerland,Arsenal,CDM,6.08,176,Left,15000000,80000,52,65,80,70,80,46,63,71,50,66
491,199823,Campaña,27,80,Spain,Levante UD,CM,5.83,154,Right,16000000,31000,63,73,82,70,72,42,69,77,73,80
492,200536,N. Schulz,27,80,Germany,Borussia Dortmund,LB,5.92,183,Left,14000000,56000,87,51,74,73,75,58,56,81,48,75
493,200724,Nacho Fernández,30,80,Spain,Real Madrid,CB,5.92,168,Right,12000000,135000,78,37,66,80,80,51,45,70,32,59
494,200726,B. Lecomte,29,80,France,AS Monaco,GK,6.17,172,Left,12000000,46000,80,78,77,42,80,396,20,13,11,11
495,201922,M. Hinteregger,27,80,Austria,Eintracht Frankfurt,CB,6.08,181,Left,15000000,33000,71,70,65,81,82,60,61,53,65,54
496,202166,J. Draxler,26,80,Germany,Paris Saint-Germain,CAM,6.17,170,Right,17000000,82000,75,76,80,55,63,50,65,79,74,83
497,202477,Deulofeu,26,80,Spain,Watford,RW,5.83,161,Right,17000000,25000,88,75,75,30,65,64,77,76,75,87
498,202562,J. Roussillon,27,80,France,VfL Wolfsburg,LB,5.75,176,Left,14000000,49000,88,65,74,76,76,52,51,81,63,80
499,202695,J. Tarkowski,27,80,England,Burnley,CB,6.08,179,Right,15000000,59000,59,45,67,81,79,50,52,59,40,61
500,202750,W. Boly,29,80,France,Wolverhampton Wanderers,CB,6.42,214,Right,12000000,84000,62,36,64,80,83,49,56,50,32,63
501,203574,J. Stones,26,80,England,Manchester City,CB,6.17,154,Right,16000000,110000,68,36,69,82,77,51,44,62,29,69
502,203605,P. Kadeřábek,28,80,Czech Republic,TSG 1899 Hoffenheim,RWB,6.0,179,Right,12000000,41000,74,43,74,74,81,55,54,86,28,76
503,203747,Héctor Bellerín B,25,80,Spain,Arsenal,RB,5.83,163,Right,17000000,76000,85,51,70,76,65,61,62,75,52,77
504,203843,D. Suárez,32,80,Uruguay,Getafe CF,RB,5.67,150,Right,9000000,32000,75,69,74,78,79,56,67,81,64,74
505,203890,S. Vrsaljko,28,80,Croatia,Atlético Madrid,RB,5.92,168,Right,12000000,56000,78,55,73,78,76,58,52,81,44,74
506,204311,K. Zouma,25,80,France,Chelsea,CB,6.25,209,Right,16000000,82000,67,51,61,80,84,59,59,49,47,50
507,204525,Iñigo Martínez,29,80,Spain,Athletic Club de Bilbao,CB,6.0,170,Left,14000000,29000,71,56,64,81,80,63,39,51,42,53
508,205923,B. Davies,27,80,Wales,Tottenham Hotspur,LB,6.0,168,Left,14000000,86000,73,58,75,78,74,45,54,78,58,75
509,206467,A. Plea,27,80,France,Borussia Mönchengladbach,ST,5.92,174,Right,17000000,49000,73,83,77,39,74,69,65,78,85,79
510,206517,J. Grealish,24,80,England,Aston Villa,CAM,5.92,150,Right,19000000,65000,76,74,80,46,61,51,58,78,73,85
511,207566,William Carvalho,28,80,Portugal,Real Betis,CDM,6.17,174,Right,13000000,29000,43,57,76,75,85,45,60,68,52,72
512,208330,A. Januzaj,25,80,Belgium,Real Sociedad,CAM,6.08,168,Left,18000000,37000,78,75,78,30,58,55,60,82,77,86
513,208596,A. Belotti,26,80,Italy,Torino,ST,5.92,159,Right,18000000,57000,76,81,57,41,81,53,77,42,88,78
514,208618,Lucas Vázquez,29,80,Spain,Real Madrid,RW,5.67,154,Right,14000000,165000,81,73,78,58,69,50,56,80,72,81
515,210406,P. Zieliński,26,80,Poland,Napoli,CAM,5.92,165,Right,18000000,69000,79,72,81,70,60,50,51,77,68,85
516,210411,Otávio,25,80,Brazil,FC Porto,CAM,5.67,157,Right,18000000,17000,76,69,78,55,65,57,72,79,68,86
517,210935,D. Berardi,25,80,Italy,Sassuolo,CAM,6.0,159,Left,17000000,39000,78,80,79,36,68,27,76,75,79,81
518,211241,Rubén Peña,28,80,Spain,Villarreal CF,RB,5.58,143,Right,12000000,37000,82,71,72,75,69,54,64,81,71,82
519,211320,D. Rugani,25,80,Italy,Juventus,CB,6.25,185,Right,16000000,71000,61,39,55,84,72,30,36,40,33,64
520,211748,K. Demirbay,26,80,Germany,Bayer 04 Leverkusen,CAM,6.0,163,Left,17000000,68000,65,74,80,64,70,68,70,72,74,85
521,212404,F. Bernardeschi,26,80,Italy,Juventus,CAM,6.08,170,Left,18000000,81000,80,75,80,60,65,64,72,81,68,84
522,212814,João Mário,27,80,Portugal,Inter,CM,5.83,161,Right,16000000,99000,69,69,80,64,67,45,66,76,64,84
523,213648,P. Højbjerg,24,80,Denmark,Tottenham Hotspur,CDM,6.08,185,Right,17000000,73000,61,70,76,77,80,50,51,66,63,76
524,214584,F. Armani,33,80,Argentina,River Plate,GK,6.17,194,Right,8000000,17000,78,76,67,43,81,388,20,18,11,19
525,214979,J. Musso,26,80,Argentina,Udinese,GK,6.25,205,Right,13000000,17000,82,77,74,44,80,397,25,20,18,16
526,216388,A. Saint-Maximin,23,80,France,Newcastle United,CAM,5.67,148,Right,20000000,43000,93,70,72,25,63,45,58,70,67,91
527,219683,C. Tolisso,25,80,France,FC Bayern München,CM,5.92,179,Right,18000000,74000,72,77,78,76,77,54,70,67,75,76
528,219985,M. Vecino,28,80,Uruguay,Inter,CDM,6.17,179,Right,13000000,94000,65,68,77,78,75,20,56,71,61,82
529,220651,Angeliño,23,80,Spain,RB Leipzig,CM,5.75,152,Left,17000000,46000,73,66,80,75,72,58,55,86,59,82
530,221660,V. Lindelöf,25,80,Sweden,Manchester United,CDM,6.17,176,Right,17000000,100000,64,50,72,81,77,52,54,62,42,71
531,221992,H. Lozano,24,80,Mexico,Napoli,CAM,5.75,154,Right,19000000,66000,93,75,71,41,64,59,73,73,75,81
532,222331,L. Klostermann  B,24,80,Germany,RB Leipzig,CB,6.17,194,Right,18000000,46000,84,51,66,82,77,44,26,72,59,71
533,222509,Dani Ceballos,23,80,Spain,Arsenal,CM,5.83,150,Right,19000000,76000,69,70,79,69,70,63,55,74,68,83
534,223724,S. Lainer,27,80,Austria,Borussia Mönchengladbach,RB,5.75,154,Right,13000000,41000,80,63,70,73,80,46,45,78,59,76
535,223874,V. Rongier,25,80,France,Olympique de Marseille,CM,5.67,154,Right,18000000,45000,61,73,76,75,63,49,65,62,71,79
536,224458,Diogo Jota,23,80,Portugal,Liverpool,CAM,5.83,161,Right,20000000,90000,83,77,71,53,77,54,63,68,77,84
537,225193,Merino,24,80,Spain,Real Sociedad,CAM,6.17,183,Left,20000000,31000,70,76,78,77,78,57,58,73,77,83
538,226166,N. Mukiele,22,80,France,RB Leipzig,CB,6.17,185,Right,18000000,46000,83,42,69,80,77,57,45,74,30,73
539,227055,Gelson Martins,25,80,Portugal,AS Monaco,RM,5.67,163,Right,18000000,55000,94,71,72,51,61,43,66,76,69,87
540,227127,Álex Remiro,25,80,Spain,Real Sociedad,GK,6.25,183,Right,14000000,25000,83,72,78,43,81,395,24,12,13,19
541,227813,O. Zinchenko,23,80,Ukraine,Manchester City,CM,5.75,141,Left,17000000,96000,73,66,81,77,69,61,59,82,59,79
542,228093,M. Thuram,22,80,France,Borussia Mönchengladbach,ST,6.33,192,Right,20000000,43000,84,80,70,48,77,62,70,74,82,85
543,229668,Mario Hermoso,25,80,Spain,Atlético Madrid,CB,6.0,165,Left,16000000,51000,75,49,72,80,79,44,45,71,42,66
544,229906,L. Bailey,22,80,Jamaica,Bayer 04 Leverkusen,CAM,5.83,174,Left,20000000,59000,94,76,73,33,64,60,71,73,74,84
545,230201,Maikel Catarino,24,80,Brazil,Atlético Mineiro,RB,5.83,165,Right,14000000,34000,76,51,70,77,70,65,41,81,48,78
546,230204,Héniton Pires,24,80,Brazil,Brazil,GK,6.0,163,Right,11000000,28000,81,75,78,41,81,394,21,18,11,14
547,230271,Laure Santeiro,20,80,Brazil,Fluminense,CAM,5.58,139,Left,16000000,23000,80,72,77,26,45,48,74,73,72,82
548,230313,Tony Abranjes,32,80,Brazil,Brazil,CB,5.83,176,Right,9000000,43000,67,39,55,81,85,47,43,39,31,47
549,230869,Unai Simón,23,80,Spain,Athletic Club de Bilbao,GK,6.25,196,Right,15000000,18000,81,77,68,47,83,389,24,16,14,12
550,232119,C. Söyüncü,24,80,Turkey,Leicester City,CB,6.08,181,Right,18000000,69000,69,46,60,80,80,34,52,46,39,65
551,232411,C. Nkunku,22,80,France,RB Leipzig,CAM,5.83,159,Right,20000000,50000,78,74,80,69,65,43,65,81,74,86
552,232432,L. Jović,22,80,Serbia,Real Madrid,ST,6.0,187,Right,20000000,140000,75,81,68,29,74,49,66,67,85,80
553,232656,T. Hernández,22,80,France,Milan,LB,6.0,181,Left,17000000,37000,92,67,73,74,77,43,41,80,65,79
554,232665,M. Arambarri,24,80,Uruguay,Getafe CF,CDM,5.75,163,Right,18000000,28000,52,58,71,78,76,55,50,59,49,69
555,233064,M. Mount,21,80,England,Chelsea,CAM,5.83,154,Right,21000000,69000,74,77,79,48,61,56,60,77,78,79
556,233306,D. Henderson,23,80,England,Manchester United,GK,6.25,187,Right,16000000,70000,80,80,70,49,77,390,16,14,9,13
557,235569,T. Ndombele,23,80,France,Tottenham Hotspur,CAM,5.92,168,Right,20000000,82000,74,66,80,69,72,46,60,69,59,88
558,236632,David Neres,23,80,Brazil,Ajax,CAM,5.75,146,Left,20000000,21000,86,73,73,36,65,48,69,67,75,86
559,238794,Vinícius Jr.,19,80,Brazil,Real Madrid,RM,5.75,161,Right,27000000,95000,95,69,71,29,66,36,65,71,68,88
560,239207,M. Gómez,23,80,Uruguay,Valencia CF,ST,6.08,185,Right,20000000,40000,68,81,68,32,82,46,72,59,84,72
561,240130,Éder Militão,22,80,Brazil,Real Madrid,CB,6.08,172,Right,19000000,115000,78,50,66,81,81,61,60,72,48,70
562,241095,N. Vlašić,22,80,Croatia,PFC CSKA Moscow,CAM,5.83,174,Right,20000000,47000,83,75,76,48,71,58,66,71,74,85
563,241671,D. Livaković,25,80,Croatia,Dinamo Zagreb,GK,6.17,174,Right,15000000,500,80,78,74,55,79,393,15,13,12,19
564,244369,V. Tsygankov,22,80,Ukraine,Dynamo Kyiv,CAM,5.75,157,Left,20000000,500,85,73,78,45,57,49,73,77,75,80
565,245294,J. Serendero,32,80,Uruguay,Uruguay,GK,6.25,187,Right,0,0,78,81,77,42,80,393,14,10,8,9
566,245299,J. Frendado,36,80,Uruguay,Uruguay,CB,5.92,181,Right,0,0,71,61,57,82,75,80,62,40,56,60
567,245300,M. Baldona,36,80,Uruguay,Uruguay,CDM,5.83,165,Right,0,0,68,62,74,78,77,55,61,75,58,75
568,245304,S. Ardero,32,80,Uruguay,Uruguay,CAM,5.58,139,Left,0,0,82,72,77,26,51,48,74,73,72,82
569,245305,L. Dálves,28,80,Uruguay,Uruguay,ST,6.17,183,Right,0,0,80,82,60,34,75,78,77,56,82,74
570,245308,M. Nérez,32,80,Uruguay,Uruguay,LB,5.83,152,Left,0,0,79,54,75,76,74,60,61,77,51,77
571,245309,E. Schetino,28,80,Uruguay,Uruguay,CB,6.08,176,Right,0,0,80,43,56,82,76,70,56,40,38,56
572,245313,J. Sildero,28,80,Uruguay,Uruguay,CAM,5.83,165,Right,0,0,81,77,80,40,71,65,77,75,74,79
573,251700,S. Mandíquez,31,80,Ecuador,Ecuador,ST,6.17,185,Right,0,0,80,80,56,29,80,52,62,48,83,75
574,805,J. Lehmann,39,79,Germany,VfB Stuttgart,GK,6.25,192,Right,0,0,77,82,75,52,88,323,74,21,21,21
575,1040,Roberto Carlos,38,79,Brazil,FC Anzhi Makhachkala,CDM,5.5,154,Left,0,30000,78,65,81,77,76,54,79,80,43,74
576,1625,T. Henry,36,79,France,,CAM,6.17,183,Right,0,0,74,75,74,28,61,49,73,63,75,82
577,2148,H. Trabelsi,29,79,Tunisia,Manchester City,RWB,5.92,163,Right,0,0,78,54,70,85,75,40,72,64,48,69
578,3622,Ricardo Carvalho,38,79,Portugal,Portugal,CB,6.0,174,Right,0,0,40,47,60,80,66,61,38,48,48,51
579,5479,Casillas,38,79,Spain,FC Porto,GK,6.08,185,Left,1000000,8000,82,73,60,55,83,375,24,13,12,25
580,8473,T. Rosický,36,79,Czech Republic,Sparta Praha,CAM,5.83,159,Right,4000000,2000,73,70,79,43,63,55,74,77,65,82
581,11141,M. Klose,37,79,Germany,Lazio,ST,6.0,185,Right,1000000,80000,69,75,61,28,63,47,77,62,84,68
582,20775,Quaresma,36,79,Portugal,Vitória Guimarães,RM,5.75,148,Right,4000000,11000,74,72,81,24,62,56,73,89,64,84
583,21146,M. Carrick,35,79,England,Manchester United,CM,6.17,163,Right,3000000,90000,44,65,80,74,63,60,64,70,59,71
584,23174,J. Riquelme,35,79,Argentina,Boca Juniors,CAM,6.0,174,Right,2000000,80000,52,74,83,28,59,49,87,78,72,82
585,53405,Maxwell,34,79,Brazil,Paris Saint-Germain,LWB,5.75,161,Left,2000000,80000,73,71,79,78,74,48,59,86,71,75
586,113422,David Villa,37,79,Spain,Vissel Kobe,CF,5.75,152,Right,3000000,10000,65,81,73,34,67,46,88,71,83,82
587,116494,C. Carrasso,35,79,France,Galatasaray SK,GK,6.17,205,Right,3000000,30000,77,78,76,40,78,386,13,11,13,14
588,136130,Alex,33,79,Brazil,Milan,CB,6.17,203,Right,4000000,80000,51,56,47,81,79,46,75,32,40,54
589,136138,Diego,30,79,Brazil,Fenerbahçe SK,CAM,5.67,161,Right,9000000,100000,74,71,82,34,63,45,84,81,66,84
590,138703,A. D-Alessandro,35,79,Argentina,River Plate,CAM,5.75,152,Left,3000000,20000,66,72,82,35,58,50,80,79,67,79
591,140233,G. Ochoa,34,79,Mexico,Mexico,GK,6.08,172,Right,5000000,34000,77,69,75,49,79,383,16,15,12,10
592,142754,J. Mascherano,36,79,Argentina,Estudiantes de La Plata,CDM,5.75,161,Right,2000000,15000,61,53,72,79,72,34,60,68,42,58
593,143650,P. van Hooijdonk,36,79,Netherlands,Feyenoord,ST,6.33,187,Right,0,0,77,73,55,42,76,31,50,43,77,68
594,157960,Manuel Fernandes,32,79,Portugal,Lokomotiv Moscow,CAM,5.75,165,Right,10000000,2000,79,75,77,66,71,61,73,77,70,83
595,158121,B. Costil,32,79,France,FC Girondins de Bordeaux,GK,6.17,194,Right,7000000,28000,78,77,77,49,78,390,15,11,14,13
596,163155,B. Foster,37,79,England,Watford,GK,6.33,198,Left,1000000,12000,80,77,73,49,79,389,41,15,18,14
597,165229,L. Koscielny,34,79,France,FC Girondins de Bordeaux,CB,6.08,165,Right,4000000,35000,55,43,63,80,74,51,51,52,37,62
598,168607,Rafinha,34,79,Brazil,Olympiacos CFP,RB,5.67,148,Right,4000000,500,74,46,74,74,65,65,63,83,37,78
599,169595,D. Rose,29,79,England,Tottenham Hotspur,LB,5.75,168,Left,10000000,85000,75,61,72,77,72,55,57,77,57,76
600,172114,D. Valeri,34,79,Argentina,Portland Timbers,CAM,5.83,161,Right,6000000,12000,57,77,80,45,66,60,78,78,74,81
601,172879,Sokratis,32,79,Greece,Arsenal,CB,6.08,185,Right,8000000,76000,66,53,52,78,81,36,38,47,47,58
602,175379,Pedro León,33,79,Spain,SD Eibar,RM,6.0,161,Right,7000000,33000,58,77,87,45,58,64,71,92,74,78
603,176550,D. Ospina,31,79,Colombia,Napoli,GK,6.0,176,Right,8000000,48000,82,72,77,34,77,392,26,11,10,12
604,176600,K. Gameiro,33,79,France,Valencia CF,ST,5.67,154,Right,8000000,43000,86,79,74,43,67,38,81,69,80,74
605,176919,N. Guzmán,34,79,Argentina,Tigres U.A.N.L.,GK,6.33,207,Right,5000000,40000,78,77,72,52,81,387,12,20,10,23
606,176930,M. Díaz,33,79,Chile,Racing Club,CDM,5.5,150,Right,6000000,22000,59,66,80,74,74,10,66,72,55,70
607,177326,M. Valbuena,35,79,France,Olympiacos CFP,LM,5.5,128,Right,5000000,500,72,76,80,34,47,48,80,80,74,80
608,177633,Ángel,33,79,Spain,Getafe CF,ST,5.67,150,Right,8000000,36000,73,82,62,34,67,52,69,56,85,77
609,177842,E. Collin,37,79,France,New York Red Bulls,CAM,5.83,165,Right,0,0,73,79,80,38,57,21,79,70,80,77
610,178085,Granero,31,79,Spain,RCD Espanyol,CM,5.92,172,Right,11000000,30000,47,74,81,67,67,58,73,79,73,76
611,178088,Juan Mata,32,79,Spain,Manchester United,CAM,5.58,139,Left,10000000,110000,58,72,82,36,44,46,80,79,70,80
612,178311,Éder,33,79,Italy,Jiangsu Suning FC,ST,5.83,159,Right,8000000,29000,87,78,75,29,67,50,78,72,78,78
613,178424,Antunes,33,79,Portugal,Sporting CP,LB,5.75,154,Left,5000000,16000,72,69,77,76,70,50,61,81,56,75
614,178509,O. Giroud,33,79,France,Chelsea,ST,6.33,201,Left,8000000,96000,39,79,70,42,77,49,83,64,82,69
615,179784,B. Höwedes,31,79,Germany,Lokomotiv Moscow,CB,6.17,170,Right,9000000,50000,52,48,62,79,73,46,56,56,51,62
616,180216,S. Coleman,31,79,Republic of Ireland,Everton,RB,5.83,170,Right,9000000,76000,70,65,73,79,70,50,55,77,61,77
617,181786,V. Ćorluka,34,79,Croatia,Lokomotiv Moscow,CB,6.33,185,Right,4000000,50000,54,49,65,80,78,56,49,68,44,67
618,182002,Sidnei,30,79,Brazil,Real Betis,CB,6.08,176,Right,10000000,26000,69,57,63,77,82,61,58,59,54,63
619,183108,N. Amrabat,33,79,Morocco,Al Nassr,RM,5.92,187,Right,7000000,46000,79,75,77,53,77,51,77,81,73,80
620,183394,M. Sissoko,30,79,France,Tottenham Hotspur,CDM,6.17,201,Right,11000000,89000,77,63,77,77,89,51,60,72,54,83
621,183498,M. Parolo,35,79,Italy,Lazio,CDM,6.0,165,Right,4000000,40000,57,76,75,79,73,44,45,70,70,75
622,183892,G. Mercado,31,79,Argentina,Sevilla FC,CB,5.92,183,Right,8000000,20000,75,61,66,79,80,56,49,68,60,57
623,183900,D. Perotti,31,79,Argentina,Roma,LM,5.83,154,Right,11000000,500,74,71,77,42,54,41,88,79,67,87
624,184484,G. Sigurðsson,30,79,Iceland,Everton,CAM,6.08,170,Right,12000000,83000,55,78,82,60,66,58,78,84,73,78
625,184881,S. Feghouli,30,79,Algeria,Galatasaray SK,RM,5.75,165,Right,12000000,70000,84,71,74,34,68,48,62,78,67,83
626,186537,C. Stuani,33,79,Uruguay,Girona FC,ST,6.08,168,Right,8000000,16000,67,81,70,48,82,63,90,68,85,74
627,186569,S. Ulreich,31,79,Germany,FC Bayern München,GK,6.33,192,Right,8000000,54000,79,71,68,40,79,381,22,14,12,13
628,186627,M. Balotelli,29,79,Italy,Brescia,ST,6.25,207,Right,12000000,500,74,82,72,24,74,12,91,64,83,80
629,187052,Y. M-Vila,30,79,France,Olympiacos CFP,CDM,6.0,176,Right,10000000,500,65,62,74,75,77,60,68,62,56,73
630,187457,C. Noboa,33,79,Ecuador,Ecuador,CM,6.0,165,Right,0,0,73,71,78,75,76,60,80,74,65,77
631,187607,A. Dzyuba,31,79,Russia,Russia,ST,6.42,201,Right,0,0,68,78,69,29,85,57,83,61,81,73
632,187936,S. Nzonzi,31,79,France,Stade Rennais FC,CDM,6.42,196,Right,9000000,47000,34,55,71,77,86,68,57,59,50,70
633,188081,Alex Teixeira,30,79,Brazil,Jiangsu Suning FC,CAM,5.75,159,Right,12000000,29000,93,76,73,40,72,52,74,63,77,80
634,189053,F. Caputo,32,79,Italy,Sassuolo,ST,5.92,163,Right,10000000,42000,83,79,61,30,66,53,77,50,82,77
635,189560,Iborra,32,79,Spain,Villarreal CF,CDM,6.25,176,Right,8000000,34000,37,70,75,77,80,54,69,59,67,69
636,189682,B. Mee,30,79,England,Burnley,CB,5.92,181,Left,10000000,56000,62,42,59,80,78,58,42,59,36,59
637,189881,C. Smalling,30,79,England,Manchester United,CB,6.33,179,Right,10000000,100000,68,47,58,81,81,71,52,52,54,59
638,190143,Cote,30,79,Spain,SD Eibar,LB,6.0,170,Left,10000000,30000,69,54,75,78,68,64,45,82,46,75
639,190813,S. El Shaarawy,27,79,Italy,Shanghai Greenland Shenhua FC,LW,5.83,161,Right,13000000,24000,86,77,76,46,64,21,69,75,77,79
640,191740,Ander Herrera,30,79,Spain,Paris Saint-Germain,CDM,6.0,157,Right,11000000,78000,66,72,77,79,74,53,74,71,70,78
641,192366,N. Otamendi,32,79,Argentina,Argentina,CB,6.0,179,Right,8000000,16000,54,57,60,80,78,48,45,52,54,51
642,192492,F. Orellana,34,79,Chile,Real Valladolid CF,RM,5.58,141,Right,6000000,25000,73,75,78,40,44,65,75,78,78,84
643,192598,Ai Kesen,30,79,China PR,China PR,ST,5.92,170,Right,12000000,32000,83,80,73,48,78,47,85,67,80,78
644,193171,Jaume Costa,32,79,Spain,Villarreal CF,LB,5.58,137,Left,8000000,34000,75,61,72,78,70,61,56,81,57,70
645,193198,N. Gudelj,28,79,Serbia,Sevilla FC,CDM,6.17,161,Right,12000000,30000,63,70,78,75,84,53,74,74,58,67
646,193983,A. Delort,28,79,Algeria,Montpellier HSC,ST,5.92,183,Right,13000000,43000,84,80,70,33,81,53,75,71,80,76
647,198784,A. Oxlade-Chamberlain,26,79,England,Liverpool,CAM,5.75,154,Right,14000000,89000,79,74,78,67,73,49,69,78,70,84
648,199110,L. Muriel,29,79,Colombia,Atalanta,CF,5.83,174,Right,12000000,65000,88,79,69,27,66,48,78,62,81,85
649,199254,João Pedro,28,79,Brazil,Cagliari,CF,6.0,161,Right,13000000,44000,72,78,75,40,66,60,74,69,82,79
650,199304,Danilo,28,79,Brazil,Juventus,RB,6.0,172,Right,11000000,73000,69,70,74,78,74,53,67,78,61,74
651,199354,Lucas Pérez,31,79,Spain,Deportivo Alavés,ST,5.92,161,Left,11000000,32000,77,82,75,32,69,50,82,74,85,78
652,199416,Ibai Gómez,30,79,Spain,Athletic Club de Bilbao,RW,5.83,159,Right,12000000,31000,75,78,80,59,68,53,65,83,77,80
653,199641,M. Sels,28,79,Belgium,RC Strasbourg Alsace,GK,6.25,194,Right,11000000,28000,81,76,76,36,79,392,22,16,16,19
654,199715,Vitolo,30,79,Spain,Atlético Madrid,LM,6.08,174,Right,12000000,55000,77,76,76,41,74,65,74,75,77,82
655,200110,M. Bizot,29,79,Netherlands,AZ Alkmaar,GK,6.33,187,Right,10000000,12000,82,76,67,46,76,380,36,20,15,12
656,201143,A. Mandi,28,79,Algeria,Real Betis,CB,6.0,172,Right,12000000,27000,67,46,74,80,75,64,35,73,41,65
657,201400,Rafinha,27,79,Brazil,FC Barcelona,CAM,5.75,157,Left,14000000,140000,69,76,79,68,61,52,67,72,73,86
658,201454,F. Ghoulam,29,79,Algeria,Napoli,LB,6.0,176,Left,10000000,62000,72,64,76,77,71,48,76,83,54,79
659,201455,G. Kondogbia,27,79,Central African Republic,Valencia CF,CM,6.17,176,Left,14000000,40000,69,74,75,79,88,53,45,65,69,76
660,201519,J. Veretout,27,79,France,Roma,CM,5.83,148,Right,13000000,500,63,74,81,74,73,47,84,77,69,77
661,201956,S. Sané,29,79,Senegal,FC Schalke 04,CB,6.42,187,Right,10000000,32000,60,49,64,80,81,60,43,57,37,62
662,202048,C. Coady,27,79,England,Wolverhampton Wanderers,CDM,6.08,176,Right,13000000,76000,47,58,75,79,75,53,60,65,51,62
663,202642,Fernando,28,79,Brazil,Beijing Sinobo Guoan FC,CDM,5.67,146,Right,12000000,24000,75,67,77,75,76,52,61,63,63,70
664,202789,A. Schwolow,28,79,Germany,Hertha BSC,GK,6.25,185,Right,10000000,40000,78,76,71,37,78,384,22,9,12,15
665,202935,Álvaro,30,79,Spain,Olympique de Marseille,CB,6.0,165,Right,10000000,40000,68,33,57,80,79,53,36,51,22,49
666,203299,A. Carrillo,29,79,Peru,Peru,RM,5.92,165,Right,12000000,48000,87,74,72,37,68,57,68,78,73,85
667,203895,Pozuelo,28,79,Spain,Toronto FC,CAM,5.58,161,Right,12000000,12000,65,73,78,50,64,50,76,73,72,83
668,204105,K. Lala,28,79,France,RC Strasbourg Alsace,RWB,5.83,172,Right,11000000,34000,79,63,76,73,76,48,80,82,61,78
669,204614,Mário Rui,29,79,Portugal,Napoli,LB,5.58,148,Left,10000000,62000,82,49,72,73,67,49,60,78,27,78
670,204638,W. Orban,27,79,Hungary,RB Leipzig,CB,6.08,192,Right,13000000,50000,49,36,52,81,80,58,41,39,38,52
671,204819,E. Sala,27,79,Argentina,FC Nantes,ST,6.17,183,Right,13000000,30000,59,79,64,62,84,41,73,59,82,75
672,205569,J. Ward-Prowse,25,79,England,Southampton,CM,5.67,146,Right,16000000,58000,60,72,85,66,67,64,82,89,70,75
673,206273,O. Shatov,26,79,Russia,FC Krasnodar,LM,5.67,161,Right,13000000,50000,86,72,76,47,68,58,60,74,73,80
674,206304,L. Milivojević,29,79,Serbia,Crystal Palace,CDM,6.08,176,Right,11000000,58000,54,67,76,77,82,56,90,70,55,62
675,206413,T. Stepanenko,30,79,Ukraine,Shakhtar Donetsk,CDM,5.92,176,Left,10000000,500,67,61,71,79,79,60,52,63,53,64
676,206511,M. Arnold,26,79,Germany,VfL Wolfsburg,CM,6.0,163,Left,13000000,46000,66,80,78,73,73,51,57,69,77,78
677,207439,L. Paredes,26,79,Argentina,Paris Saint-Germain,CM,5.92,165,Right,15000000,78000,68,70,80,75,79,48,64,76,58,78
678,207807,R. Fraser,26,79,Scotland,Newcastle United,LM,5.33,154,Right,15000000,47000,88,72,76,46,60,61,69,77,72,79
679,208104,Matheus,27,79,Brazil,SC Braga,GK,6.25,185,Right,11000000,14000,82,75,72,46,77,389,13,15,12,12
680,208128,H. Çalhanoğlu,26,79,Turkey,Milan,CAM,5.83,168,Right,13000000,48000,65,75,82,59,57,50,71,81,65,85
681,208141,Gabriel,26,79,Brazil,SL Benfica,CM,6.17,181,Left,14000000,17000,63,74,77,77,83,64,67,68,67,81
682,208448,E. Forsberg,28,79,Sweden,RB Leipzig,CAM,5.83,168,Right,12000000,57000,70,71,81,32,61,55,71,82,71,80
683,208498,M. Dabbur,28,79,Israel,TSG 1899 Hoffenheim,ST,6.0,168,Right,13000000,46000,70,78,66,32,69,61,74,50,83,78
684,208620,Omar Mascarell,27,79,Spain,FC Schalke 04,CDM,5.92,168,Right,13000000,31000,63,61,72,75,73,43,68,50,53,76
685,208920,N. Aké,25,79,Netherlands,Manchester City,CB,5.92,165,Left,14000000,100000,74,53,70,81,76,50,53,63,48,69
686,210385,Rui Silva,26,79,Portugal,Granada CF,GK,6.25,201,Right,12000000,23000,78,74,75,30,80,391,30,13,20,18
687,210513,J. Quintero,27,79,Colombia,Colombia,CAM,5.5,148,Left,0,0,71,76,81,39,51,59,77,79,71,83
688,210617,Samu Castillejo,25,79,Spain,Milan,CAM,6.0,148,Left,15000000,42000,81,73,78,43,52,66,59,79,75,82
689,210625,K. Mbabu,25,79,Switzerland,VfL Wolfsburg,RB,6.0,183,Right,14000000,44000,89,51,69,74,81,50,35,77,49,72
690,210736,Emerson,25,79,Italy,Chelsea,LWB,5.75,174,Left,14000000,77000,81,63,70,75,64,52,55,78,51,79
691,210896,M. Sanson,25,79,France,Olympique de Marseille,CM,5.92,161,Right,15000000,42000,73,75,79,72,78,56,68,77,75,78
692,211022,Rubén García,26,79,Spain,CA Osasuna,LM,5.58,157,Left,13000000,37000,78,76,79,38,57,60,69,78,78,79
693,211147,V. Lazaro B,24,79,Austria,Borussia Mönchengladbach,RM,5.92,168,Right,16000000,37000,82,70,76,69,67,48,67,80,69,81
694,211515,P. Gollini,25,79,Italy,Atalanta,GK,6.33,207,Right,12000000,40000,81,75,69,47,79,385,21,17,14,18
695,211575,André Gomes,26,79,Portugal,Everton,CM,6.17,185,Right,14000000,83000,58,69,78,70,76,49,55,65,64,78
696,212187,P. Max,26,79,Germany,PSV,LB,5.83,170,Left,13000000,20000,81,67,78,71,72,57,41,89,66,73
697,213331,J. Tah,24,79,Germany,Bayer 04 Leverkusen,CB,6.42,214,Right,15000000,50000,66,27,57,80,81,49,38,35,20,55
698,213516,Ricardo Horta,25,79,Portugal,SC Braga,CAM,5.67,139,Right,15000000,20000,78,77,76,42,58,47,71,76,77,82
699,213661,A. Christensen,24,79,Denmark,Chelsea,CB,6.17,181,Right,15000000,69000,66,31,63,82,72,44,36,49,36,66
700,213761,A. Hamdallah,29,79,Morocco,Al Nassr,ST,5.83,179,Right,12000000,52000,76,80,69,30,75,54,80,66,84,74
701,213956,Adama Traoré,24,79,Spain,Wolverhampton Wanderers,RM,5.83,159,Right,17000000,80000,96,66,68,38,81,52,47,79,66,92
702,214040,F. Fabra,29,79,Colombia,Colombia,LB,5.75,190,Left,10000000,21000,87,61,71,72,79,51,58,79,62,80
703,214092,A. Miranchuk,24,79,Russia,Atalanta,CAM,6.0,163,Left,17000000,50000,75,70,78,31,62,52,67,72,71,81
704,214394,W. Barrios,26,79,Colombia,Colombia,CDM,5.83,163,Right,0,0,73,38,66,79,84,71,32,59,30,66
705,215061,D. Benedetto,30,79,Argentina,Olympique de Marseille,ST,5.83,176,Right,12000000,48000,77,80,67,38,75,55,75,55,81,75
706,215071,M. Casco,32,79,Argentina,River Plate,RM,5.58,152,Right,8000000,20000,88,73,75,71,81,54,64,79,69,81
707,215590,Ayoze Pérez,26,79,Spain,Leicester City,RW,5.83,159,Right,13000000,90000,78,75,71,58,66,57,73,70,79,83
708,216145,A. Izzo,28,79,Italy,Torino,CB,6.0,172,Right,12000000,47000,65,33,48,82,74,51,37,35,19,62
709,216194,Dani García,30,79,Spain,Athletic Club de Bilbao,CDM,5.92,176,Right,11000000,29000,48,69,73,79,83,51,58,55,69,72
710,216475,Morales,32,79,Spain,Levante UD,ST,5.92,154,Right,10000000,32000,86,78,75,58,68,64,76,77,78,86
711,216531,Paulinho,27,79,Portugal,SC Braga,ST,6.17,181,Left,14000000,20000,67,78,64,45,81,59,68,66,82,74
712,216643,L. Dubois,25,79,France,Olympique Lyonnais,RWB,5.83,161,Right,14000000,57000,72,61,75,76,73,54,46,82,53,74
713,219789,H. Traoré B,28,79,Mali,Stade Rennais FC,RB,5.75,157,Right,11000000,49000,82,54,72,73,76,56,47,79,48,76
714,219792,B. Santamaria,25,79,France,SC Freiburg,CDM,6.0,161,Right,14000000,27000,60,64,73,75,74,42,46,64,64,76
715,219809,T. Bakayoko,25,79,France,Chelsea,CDM,6.17,187,Right,14000000,77000,64,48,68,77,84,61,45,55,37,77
716,220018,A. Rebić,26,79,Croatia,Milan,ST,6.08,172,Right,15000000,48000,88,80,70,39,80,67,63,74,80,80
717,220132,Zaldúa,28,79,Spain,Real Sociedad,RB,5.75,152,Right,11000000,32000,69,34,67,78,76,58,32,77,25,60
718,220182,J. Denayer,25,79,Belgium,Olympique Lyonnais,CB,6.0,176,Right,14000000,57000,75,42,63,79,80,62,39,58,42,67
719,220253,Munir,24,79,Spain,Sevilla FC,ST,5.75,152,Left,17000000,30000,80,78,75,35,66,56,66,73,79,82
720,221479,D. Calvert-Lewin,23,79,England,Everton,ST,6.17,157,Right,17000000,80000,83,76,63,38,80,50,77,65,78,76
721,222028,J. Weigl,24,79,Germany,SL Benfica,CDM,6.08,159,Right,14000000,13000,59,48,75,77,66,54,52,59,41,74
722,222400,H. Winks,24,79,England,Tottenham Hotspur,CM,5.75,163,Right,15000000,69000,67,58,78,72,68,56,51,65,55,81
723,222709,Petros,31,79,Brazil,Al Nassr,CDM,6.0,172,Right,9000000,42000,68,67,73,74,77,62,62,61,65,76
724,223578,Mata,31,79,Spain,Getafe CF,ST,6.08,174,Right,11000000,36000,69,80,61,31,76,48,76,63,84,79
725,224179,Borja Iglesias,27,79,Spain,Real Betis,ST,6.17,190,Right,14000000,31000,66,78,64,35,80,71,78,50,79,73
726,224196,R. Bensebaini,25,79,Algeria,Borussia Mönchengladbach,CB,6.08,181,Left,14000000,37000,69,57,71,77,80,54,70,80,58,74
727,224254,C. Pavón,24,79,Argentina,LA Galaxy,CAM,5.75,172,Right,17000000,11000,91,76,75,49,74,50,72,76,72,77
728,224309,Joan Jordán,25,79,Spain,Sevilla FC,CM,6.0,163,Right,15000000,30000,65,75,79,67,75,59,69,70,75,79
729,225508,E. Bailly,26,79,Ivory Coast,Manchester United,CB,6.08,170,Right,14000000,100000,74,42,58,79,79,55,46,51,33,60
730,225663,A. Golovin,24,79,Russia,AS Monaco,RM,5.92,152,Right,16000000,48000,80,72,79,67,68,66,52,80,69,84
731,226456,Pablo Fornals,24,79,Spain,West Ham United,CAM,5.83,148,Right,16000000,41000,68,76,78,70,67,54,55,75,77,79
732,227535,R. Bentancur,23,79,Uruguay,Juventus,CM,6.17,172,Right,17000000,67000,72,58,79,73,73,55,64,77,52,84
733,227536,M. Marega,29,79,Mali,FC Porto,ST,6.08,183,Right,12000000,19000,89,79,62,41,90,56,71,65,80,64
734,228092,S. Berge,22,79,Norway,Sheffield United,CDM,6.42,212,Right,16000000,34000,68,49,74,76,85,51,46,65,34,77
735,228251,L. Pellegrini,24,79,Italy,Roma,CAM,6.08,170,Right,17000000,500,75,71,81,72,69,53,67,74,67,77
736,228520,E. Ávila,26,79,Argentina,CA Osasuna,ST,5.67,179,Left,16000000,40000,82,81,65,48,83,47,72,59,82,79
737,228687,K. Dolberg,22,79,Denmark,OGC Nice,ST,6.17,185,Right,16000000,39000,73,81,69,29,67,51,78,50,81,78
738,228941,André Silva,24,79,Portugal,Eintracht Frankfurt,ST,6.0,172,Right,17000000,32000,71,79,64,43,75,53,83,59,82,80
739,229167,M. Rashica,24,79,Kosovo,SV Werder Bremen,CAM,5.83,161,Right,17000000,32000,88,79,74,46,65,48,73,76,76,85
740,229558,D. Upamecano,21,79,France,RB Leipzig,CB,6.08,198,Right,20000000,36000,77,40,61,79,81,45,39,48,39,68
741,230184,Ronaldo Esler,20,79,Brazil,Atlético Mineiro,LB,5.5,143,Left,12000000,27000,89,58,70,74,59,59,49,78,45,76
742,230216,Adnan Vidual,28,79,Brazil,Brazil,RB,5.75,154,Right,11000000,42000,83,52,70,76,71,38,55,78,47,68
743,230234,Everton Andrão,24,79,Brazil,Fluminense,CDM,5.83,165,Right,12000000,23000,67,62,74,78,76,55,61,75,58,75
744,230251,Melvin Parrela,20,79,Brazil,Coritiba,CB,6.17,194,Right,12000000,19000,71,70,70,80,83,55,72,52,68,72
745,230312,Gabri Prestão,28,79,Brazil,Internacional,GK,6.08,176,Right,9000000,26000,81,75,71,60,77,386,15,8,9,18
746,230498,Luimo Boas Santos,20,79,Brazil,Santos,CF,5.75,161,Right,14000000,27000,83,79,65,28,64,48,74,42,81,82
747,231969,R. Malinovskyi,27,79,Ukraine,Atalanta,CM,5.92,174,Left,14000000,58000,70,79,81,66,79,52,83,79,73,81
748,232293,V. Osimhen,21,79,Nigeria,Napoli,ST,6.08,172,Right,19000000,54000,87,79,63,39,79,53,75,64,83,70
749,233096,D. Dumfries,24,79,Netherlands,PSV,CB,6.17,176,Right,14000000,18000,79,60,66,76,89,54,42,76,64,71
750,233731,A. Isak,20,79,Sweden,Real Sociedad,ST,6.33,170,Right,18000000,28000,82,80,65,28,69,40,75,61,82,78
751,233738,Zubeldia,23,79,Spain,Real Sociedad,CDM,5.92,161,Right,15000000,26000,65,67,76,75,80,46,51,65,67,70
752,234035,Odriozola,24,79,Spain,Real Madrid,RB,5.75,146,Right,14000000,110000,78,52,71,75,65,52,62,81,45,76
753,234153,Carlos Soler,23,79,Spain,Valencia CF,CAM,5.92,168,Right,17000000,34000,79,74,79,62,70,51,73,78,73,78
754,234378,D. Rice,21,79,England,West Ham United,CDM,6.08,176,Right,16000000,31000,65,44,65,78,77,47,30,39,31,68
755,234612,J. Ikoné,22,79,France,LOSC Lille,CAM,5.75,161,Left,17000000,36000,89,70,73,33,60,52,69,73,70,83
756,234642,E. Mendy,28,79,Senegal,Chelsea,GK,6.5,190,Right,11000000,69000,80,77,75,34,79,390,13,10,5,13
757,234742,H. Barnes,22,79,England,Leicester City,CAM,5.92,146,Right,17000000,80000,83,72,75,45,57,40,49,77,74,81
758,234943,F. Neuhaus,23,79,Germany,Borussia Mönchengladbach,CAM,6.0,163,Right,17000000,37000,67,69,76,64,67,53,49,65,65,81
759,236987,B. Kamara,20,79,France,Olympique de Marseille,CDM,6.0,150,Right,17000000,29000,69,46,71,77,74,45,63,60,39,67
760,237238,S. McTominay,23,79,Scotland,Manchester United,CM,6.33,194,Right,15000000,85000,68,71,75,76,84,42,59,70,66,77
761,237239,E. Bardhi,24,79,North Macedonia,Levante UD,CAM,5.67,141,Right,16000000,26000,76,81,78,63,58,51,78,77,78,82
762,237692,P. Foden,20,79,England,Manchester City,CAM,5.58,152,Left,19000000,86000,75,70,76,56,55,52,64,69,74,78
763,237942,P. Estupiñán,22,79,Ecuador,Villarreal CF,LB,5.75,161,Left,15000000,29000,83,32,66,74,75,49,40,79,20,72
764,238359,Wendel,22,79,Brazil,Sporting CP,CAM,5.92,161,Right,19000000,15000,78,75,77,73,71,45,66,67,67,81
765,238476,D. Zagadou,21,79,France,Borussia Dortmund,CB,6.42,198,Left,16000000,38000,59,34,61,81,81,55,30,46,26,51
766,239433,N. Maksimović,25,79,Serbia,Getafe CF,CDM,6.17,172,Right,15000000,29000,60,68,75,77,78,67,50,65,70,70
767,240754,Y. Atal,24,79,Algeria,OGC Nice,RM,5.75,146,Right,15000000,32000,91,70,72,72,72,47,59,75,73,83
768,241184,Junior Firpo,23,79,Spain,FC Barcelona,LB,6.0,172,Left,15000000,110000,83,64,71,75,76,49,38,80,66,74
769,241486,J. Koundé,21,79,France,Sevilla FC,CB,5.83,165,Right,16000000,21000,77,34,57,81,73,56,43,45,32,67
770,241727,P. Rajković,24,79,Serbia,Stade de Reims,GK,6.25,187,Right,12000000,20000,78,77,74,23,79,389,20,13,9,8
771,243238,Júnior Moraes,33,79,Ukraine,Shakhtar Donetsk,ST,5.75,163,Right,8000000,500,79,80,57,27,68,46,70,36,84,78
772,243812,Rodrygo,19,79,Brazil,Real Madrid,RM,5.75,141,Right,21000000,90000,87,75,70,32,57,42,74,72,78,84
773,244260,Dani Olmo,22,79,Spain,RB Leipzig,CAM,5.83,159,Right,18000000,48000,68,76,77,50,60,66,66,77,75,83
774,244621,Vinícius,25,79,Brazil,SL Benfica,ST,6.25,183,Left,17000000,18000,75,80,57,41,83,54,71,45,83,77
775,245295,E. Guichón,32,79,Uruguay,Uruguay,LB,5.5,143,Left,0,0,87,58,70,74,53,59,49,78,45,76
776,245297,R. Di Leonardo,24,79,Uruguay,Uruguay,RB,5.83,165,Right,0,0,78,51,69,76,67,74,41,79,48,78
777,245302,E. Riquero,32,79,Uruguay,Uruguay,CDM,5.75,154,Right,0,0,81,57,72,78,74,62,77,61,53,77
778,245306,L. Sáreda,28,79,Uruguay,Uruguay,GK,6.08,176,Right,0,0,81,75,71,60,77,386,15,8,9,18
779,241,R. Giggs,39,78,Wales,Manchester United,CAM,5.83,157,Left,1000,60000,60,72,85,41,57,32,90,90,70,77
780,250,D. Beckham,37,78,England,,CM,6.0,165,Right,0,0,58,71,85,52,74,51,70,82,62,66
781,4202,G. Gattuso,34,78,Italy,FC Sion,CDM,5.83,170,Right,825000,20000,59,50,66,78,79,39,59,55,35,55
782,5471,F. Lampard,38,78,England,New York City FC,CM,6.0,196,Right,575000,8000,43,80,80,58,68,59,84,79,77,74
783,5589,Figo,35,78,Portugal,Inter,CF,5.92,165,Right,0,0,74,77,82,46,70,72,82,83,72,81
784,6908,D. Stanković,33,78,Serbia,Inter,CAM,5.92,165,Right,2000000,30000,52,73,83,61,63,47,72,76,60,75
785,7826,R. van Persie,34,78,Netherlands,Feyenoord,CAM,6.17,157,Left,5000000,20000,54,80,76,34,57,39,84,74,79,80
786,12265,O. Hargreaves   B,30,78,England,Manchester City,CDM,5.92,161,Right,3000000,30000,77,62,77,76,71,62,72,76,49,72
787,13940,J. Koller,36,78,Czech Republic,,ST,6.67,234,Right,0,0,64,82,59,47,81,159,76,57,84,56
788,16897,D. Van Buyten,35,78,Belgium,FC Bayern München,CB,6.5,209,Right,650000,70000,29,58,49,79,80,51,52,37,55,30
789,28130,Ronaldinho,34,78,Brazil,Querétaro,CAM,6.0,168,Right,4000000,45000,49,72,83,28,61,54,86,84,69,86
790,39943,J. Park,32,78,Korea Republic,PSV,CAM,5.83,161,Right,4000000,80000,76,69,72,50,62,50,74,70,70,78
791,45119,Mikel Arteta,33,78,Spain,Arsenal,CM,5.75,141,Right,5000000,70000,45,72,81,70,66,66,85,77,68,73
792,49072,D. Forlán,35,78,Uruguay,Uruguay,CAM,5.92,172,Right,0,0,66,81,79,28,66,42,81,77,79,80
793,49204,Hugo Viana,29,78,Portugal,SC Braga,CAM,5.83,163,Left,4000000,30000,63,76,83,61,67,56,79,78,71,76
794,110677,Moyá,36,78,Spain,Real Sociedad,GK,6.17,183,Right,1000000,15000,82,72,80,39,79,391,11,11,11,13
795,112253,J. Toulalan,33,78,France,FC Girondins de Bordeaux,CDM,6.0,190,Right,4000000,40000,37,45,71,75,78,45,56,66,27,65
796,121933,R. Adler,33,78,Germany,1. FSV Mainz 05,GK,6.25,187,Right,5000000,20000,77,76,70,28,80,381,21,13,14,13
797,124375,B. Yılmaz,34,78,Turkey,LOSC Lille,ST,6.17,170,Right,5000000,41000,80,81,65,34,77,60,79,68,82,69
798,135475,Felipe Melo,33,78,Brazil,Inter,CB,6.0,176,Right,3000000,60000,69,69,71,77,82,51,74,64,61,73
799,139843,Michel Bastos,31,78,Brazil,São Paulo,LM,5.83,163,Left,7000000,80000,84,75,76,69,68,58,72,77,71,78
