Age,OVA,Height,Pace,Shot,Pass,Defend,Physical,Goalkeeping,Penalties,Crossing,Finishing,Dribbling,ColorCluster
33,93,5.58,85,92,91,38,65,54,75,85,95,96,0
35,92,6.17,89,93,81,35,77,58,84,84,95,88,0
31,91,6.0,78,91,78,43,82,51,88,71,94,85,0
28,91,5.75,91,85,86,36,59,59,92,85,87,95,0
29,91,5.92,76,86,93,64,78,56,84,94,82,88,0
27,91,6.17,87,92,78,52,90,90,11,13,11,12,1
28,90,6.17,88,85,88,45,88,90,25,18,14,21,1
28,90,6.33,76,60,71,91,86,58,62,53,52,70,2
28,90,5.75,94,85,80,44,76,56,71,76,90,91,0
28,90,5.75,93,86,81,45,75,62,83,79,91,90,0
27,90,6.25,86,88,85,51,91,90,23,17,13,27,1
21,90,5.83,96,86,78,39,76,42,70,78,91,92,0
32,89,5.67,78,90,77,33,73,59,75,70,94,88,0
34,89,6.0,71,70,76,88,85,46,92,66,65,65,3
32,89,6.08,74,85,81,40,76,41,84,75,88,87,0
34,89,6.33,87,87,91,57,86,90,47,15,13,30,1
28,89,6.5,84,89,74,48,85,90,27,14,14,13,1
28,89,6.08,65,73,76,86,91,67,66,58,64,69,3
32,88,5.58,67,56,82,86,64,47,69,84,47,82,3
35,88,6.33,88,85,73,53,89,90,23,12,10,18,1
30,88,6.0,54,81,91,71,69,51,73,88,76,80,3
29,88,5.75,88,82,83,35,66,45,87,77,82,93,0
29,88,6.17,75,28,55,89,86,43,33,30,22,69,2
26,88,6.17,68,91,80,47,83,54,90,75,94,80,0
25,88,5.58,93,81,79,45,67,63,69,78,85,90,0
26,88,6.17,86,82,93,63,86,90,17,20,14,23,1
26,88,5.83,85,85,84,43,63,26,86,82,84,91,0
25,88,5.75,71,72,86,81,79,60,44,91,66,83,3
29,88,5.5,77,66,76,86,82,54,54,68,65,79,3
38,87,6.17,83,88,62,60,92,90,21,21,21,21,1
35,87,6.17,66,46,58,90,79,15,50,54,33,59,2
33,87,6.17,89,82,68,63,84,90,40,13,10,10,1
33,87,6.0,70,90,82,51,83,90,83,80,92,84,0
34,87,5.67,73,76,89,71,66,52,82,86,72,85,3
32,87,6.17,85,88,68,55,80,67,77,70,90,81,0
23,87,5.92,93,71,83,37,65,67,89,87,74,89,0
32,87,5.92,83,81,85,48,68,51,73,88,79,88,0
30,87,6.42,86,82,73,49,87,90,18,12,12,11,1
31,87,6.17,93,86,75,38,69,48,78,76,91,80,0
31,87,6.17,42,62,80,83,77,48,60,62,67,81,3
30,87,6.08,84,88,67,39,77,47,88,55,93,83,0
33,87,6.08,90,81,75,53,82,90,25,11,15,16,1
29,87,5.75,79,85,84,57,72,63,86,83,88,87,0
27,87,6.0,88,86,80,43,69,53,73,81,86,88,0
28,87,5.92,77,80,81,61,78,44,72,73,80,90,0
26,87,6.17,67,69,79,85,83,47,90,75,63,76,3
25,87,5.83,77,83,88,68,75,63,91,87,77,85,0
26,87,6.17,63,50,72,88,81,45,44,58,45,63,2
26,87,5.83,82,62,80,81,76,50,55,90,57,80,3
25,87,5.67,81,77,83,51,67,54,68,85,79,92,0
21,87,5.92,80,66,87,80,71,56,55,93,56,77,3
20,87,5.92,83,74,81,37,64,52,60,83,81,92,0
34,86,5.58,66,72,90,60,58,46,75,85,74,80,0
32,86,5.5,90,79,84,39,55,46,72,83,80,87,0
33,86,6.33,57,61,71,86,80,58,69,57,65,63,2
34,86,5.67,64,74,88,52,55,46,75,84,72,86,0
33,86,6.08,86,90,58,45,68,66,94,61,93,72,0
31,86,6.17,71,45,54,87,84,37,41,45,47,64,2
31,86,6.0,80,86,85,51,87,90,24,13,13,15,1
31,86,6.25,58,58,77,89,77,42,68,65,55,69,3
32,86,6.08,75,85,70,55,83,53,85,68,87,75,0
30,86,6.0,65,74,84,81,82,49,64,82,73,78,3
31,86,5.58,88,69,81,78,72,60,59,85,73,81,3
30,86,6.08,68,82,82,56,71,52,60,85,85,75,0
29,86,6.33,88,81,78,58,82,90,29,17,13,18,1
27,86,6.25,73,81,86,66,85,20,83,80,75,87,3
27,86,5.42,64,60,85,79,67,64,64,75,60,90,3
27,86,6.25,82,49,64,87,82,50,43,42,46,55,2
28,86,5.67,80,54,78,82,80,65,45,84,51,78,3
33,86,5.83,88,85,66,55,75,62,84,68,92,77,0
32,85,6.0,75,62,78,81,78,49,65,86,59,77,3
35,85,6.0,59,54,72,86,78,45,60,60,40,67,2
33,85,5.58,86,82,80,35,51,39,79,79,84,88,0
30,85,5.83,67,68,87,75,67,42,79,81,56,86,3
29,85,5.75,76,75,81,78,79,54,74,72,75,85,3
34,85,6.17,57,48,64,87,79,49,50,52,42,53,2
31,85,6.08,63,55,72,87,79,66,58,64,45,62,2
28,85,5.75,80,75,78,41,59,55,75,79,76,93,0
33,85,6.25,60,58,69,87,77,13,70,44,48,69,2
30,85,6.25,84,85,82,43,84,90,24,16,10,19,1
31,85,5.92,80,86,84,45,63,61,91,85,86,85,0
30,85,6.0,92,63,76,80,82,57,63,81,51,79,3
29,85,5.75,64,72,85,70,62,46,75,78,68,90,3
31,85,6.0,50,83,90,71,69,48,88,86,83,82,3
28,85,5.92,72,81,88,53,63,43,67,86,77,77,0
29,85,5.92,81,65,77,81,81,40,60,84,55,80,3
27,85,6.25,81,83,76,38,84,54,78,73,86,78,0
28,85,6.25,85,83,80,56,84,90,23,9,9,16,1
28,85,5.75,67,75,85,76,80,54,59,85,72,80,3
29,85,5.33,88,78,83,36,44,45,74,83,75,90,0
27,85,6.0,74,76,86,58,59,43,56,76,77,86,0
27,85,5.92,73,85,65,36,68,43,82,47,90,76,0
26,85,5.75,86,83,81,32,80,50,73,83,83,85,0
29,85,5.83,83,79,81,38,59,54,70,83,79,90,0
24,85,5.75,82,83,78,43,70,50,68,79,85,87,0
26,85,6.0,72,41,73,87,78,47,47,68,33,64,2
27,85,5.92,80,76,87,50,66,51,67,88,73,83,0
26,85,5.75,83,66,79,81,76,65,61,82,63,82,3
24,85,5.92,91,85,69,35,71,50,78,69,88,84,0
25,85,6.08,74,45,67,87,81,48,49,55,39,57,2
24,85,6.0,93,81,79,38,67,52,71,83,81,88,0
25,85,6.25,69,79,80,79,85,47,56,64,80,86,3
23,85,5.92,80,64,84,76,77,49,45,75,63,87,3
21,85,6.42,89,81,76,50,83,90,24,12,12,28,1
22,85,6.08,91,83,78,45,78,53,81,77,83,87,0
24,85,6.25,65,68,77,82,79,49,46,63,64,76,3
25,85,6.17,69,41,59,87,81,55,56,40,42,67,2
20,85,6.17,72,59,66,85,84,56,40,52,50,66,2
21,85,6.17,84,81,79,45,67,47,73,73,85,86,0
35,84,5.83,64,72,78,85,79,48,61,68,66,76,3
34,84,5.67,87,69,79,80,58,55,56,83,66,84,3
33,84,6.17,82,77,83,54,79,90,26,18,12,12,1
33,84,6.33,84,80,76,51,84,90,19,13,10,15,1
31,84,5.92,78,69,83,74,74,17,78,76,56,84,3
33,84,5.83,60,66,76,83,71,37,61,63,62,77,3
31,84,6.08,63,73,81,82,82,36,76,69,71,79,3
32,84,6.25,84,80,77,55,82,90,32,12,12,20,1
30,84,5.83,67,55,77,84,76,43,66,81,46,67,3
33,84,5.83,88,78,75,47,63,49,62,82,78,82,0
29,84,6.17,85,82,72,47,82,90,20,15,8,12,1
29,84,5.67,93,73,79,43,59,54,77,82,64,92,0
32,84,5.75,82,85,78,35,63,62,82,80,89,87,0
27,84,5.67,84,68,78,77,60,50,68,84,69,89,3
30,84,5.75,69,61,71,85,79,47,54,60,53,76,3
28,84,5.92,77,70,81,83,76,50,79,80,60,77,3
28,84,5.75,68,75,82,59,59,51,76,78,76,92,0
30,84,5.83,75,78,83,65,68,62,78,80,78,83,0
28,84,6.17,68,41,62,86,75,52,41,49,25,66,2
29,84,5.58,84,83,77,39,63,42,80,74,88,87,0
26,84,5.83,78,69,80,80,76,46,60,87,60,78,3
32,84,6.25,70,86,84,43,68,52,78,82,85,88,0
29,84,6.17,78,82,76,49,83,55,92,73,84,84,0
31,84,6.25,62,41,58,86,86,50,47,45,39,57,2
25,84,6.0,68,79,79,78,79,51,68,69,78,81,3
25,84,6.17,78,78,80,77,85,56,60,75,79,82,3
26,84,5.58,74,78,84,73,57,45,44,82,80,87,3
27,84,6.08,71,74,81,82,85,49,49,74,68,84,3
24,84,5.58,85,65,79,77,71,50,54,84,52,84,3
27,84,5.67,82,56,73,82,79,63,46,82,57,73,3
24,84,6.0,89,83,74,41,72,51,81,72,85,89,0
24,84,6.42,69,42,59,85,81,58,32,34,22,43,2
24,84,6.08,81,78,82,51,66,55,54,81,77,88,0
27,84,5.92,85,74,83,79,76,58,81,89,65,82,3
24,84,5.83,93,76,77,29,59,21,70,77,76,88,0
27,84,5.92,63,74,80,79,78,50,69,72,69,81,3
25,84,6.08,67,45,53,86,83,52,38,47,37,50,2
24,84,6.25,84,80,87,63,82,90,27,15,12,26,1
23,84,6.0,71,62,68,87,84,54,55,50,50,72,2
23,84,5.92,81,82,80,41,63,50,83,82,84,85,0
23,84,5.58,66,73,82,75,71,55,69,73,70,87,3
22,84,5.75,83,82,71,48,82,48,74,56,86,87,0
19,84,6.33,84,87,63,43,85,52,80,46,87,75,0
35,83,6.08,75,34,63,85,84,71,89,67,21,63,2
37,83,5.75,80,46,75,87,69,79,92,85,22,82,3
35,83,5.83,64,46,60,86,77,54,58,53,37,54,2
38,83,6.42,52,88,77,34,77,59,89,68,86,80,0
39,83,6.5,82,87,85,45,93,90,24,14,11,13,1
26,83,5.92,92,80,70,23,58,43,75,70,85,87,0
37,83,6.17,68,34,56,88,72,16,60,40,21,64,2
33,83,5.58,68,78,86,38,57,50,68,86,72,82,0
33,83,5.58,56,75,86,72,66,69,70,85,73,82,3
35,83,6.08,81,81,78,48,81,90,11,14,13,19,1
32,83,6.08,65,85,71,31,69,39,70,68,87,80,0
32,83,6.08,71,79,82,72,77,56,78,75,78,82,3
31,83,5.83,80,82,78,31,67,53,72,78,85,84,0
32,83,6.17,43,60,68,82,81,60,71,62,51,60,2
33,83,5.92,75,66,75,82,79,48,56,74,60,76,3
33,83,6.17,58,62,72,85,78,44,66,70,54,70,3
30,83,6.08,88,84,82,58,73,52,76,87,81,80,0
32,83,5.75,79,73,80,76,76,36,59,84,73,89,3
32,83,5.75,71,80,80,83,81,55,63,73,75,83,3
32,83,5.75,63,74,84,76,70,45,78,80,71,83,3
34,83,6.33,59,84,71,46,73,63,67,63,88,76,0
33,83,6.25,68,78,71,65,85,46,75,72,83,75,3
33,83,5.92,65,79,79,83,86,16,81,76,75,76,3
30,83,5.92,83,68,76,80,83,53,59,82,61,72,3
32,83,6.0,66,62,74,82,82,29,54,62,54,71,3
29,83,5.67,73,60,81,79,72,54,66,86,48,74,3
29,83,5.92,66,74,84,72,71,48,80,78,71,84,3
31,83,6.0,72,82,77,80,85,57,71,67,84,82,3
28,83,5.83,78,79,83,58,65,61,70,81,78,81,0
29,83,6.17,82,78,79,49,83,90,17,13,13,10,1
28,83,5.67,72,79,82,52,59,48,70,79,76,89,0
27,83,5.58,81,75,80,51,60,45,61,79,79,87,0
30,83,6.33,85,78,69,41,83,90,20,11,11,10,1
29,83,6.17,82,25,42,85,79,49,26,27,25,54,2
28,83,6.5,83,80,80,45,83,90,20,15,15,14,1
29,83,5.75,76,82,75,46,75,37,76,68,83,84,0
29,83,6.0,84,78,74,55,81,90,24,30,12,22,1
28,83,6.33,60,46,68,85,78,53,42,54,36,69,2
27,83,5.92,90,75,72,34,75,61,72,76,77,90,0
31,83,5.58,60,72,82,78,73,55,76,78,66,79,3
31,83,5.92,66,80,84,41,73,61,83,84,83,84,0
29,83,6.0,85,80,74,64,80,90,16,19,18,15,1
28,83,5.83,77,63,81,77,73,66,57,83,63,78,3
32,83,6.33,62,50,62,86,83,53,72,25,37,65,2
29,83,5.75,73,71,77,85,83,44,53,70,74,82,3
27,83,5.75,92,78,72,43,67,54,74,73,79,88,0
27,83,5.75,84,77,81,52,67,37,81,81,76,86,0
26,83,5.83,80,83,80,65,78,66,65,74,81,79,3
27,83,5.58,81,64,79,76,67,56,53,85,65,83,3
28,83,5.5,90,79,81,59,79,67,53,80,82,84,0
28,83,5.92,55,65,84,72,73,56,91,75,60,79,3
26,83,6.0,66,62,69,83,79,66,61,61,51,64,2
30,83,5.67,88,77,79,47,64,64,75,82,76,79,0
26,83,5.75,75,69,83,69,70,34,59,73,61,88,3
28,83,5.92,76,84,76,46,73,56,75,78,88,81,0
27,83,6.0,88,76,79,68,80,64,64,89,74,85,3
25,83,6.17,70,40,56,85,78,52,34,36,30,68,2
26,83,6.0,86,65,79,77,70,58,46,83,58,85,3
24,83,6.17,72,80,79,71,79,41,76,68,82,84,3
25,83,5.67,84,61,78,79,70,53,52,81,61,79,3
25,83,6.33,86,79,75,44,81,90,21,18,18,14,1
29,83,6.17,75,81,59,37,83,40,70,44,88,79,0
27,83,5.67,94,73,74,50,52,51,59,78,74,88,0
26,83,5.67,79,82,81,38,79,61,74,79,82,88,0
27,83,6.08,77,47,63,82,83,49,41,35,32,65,2
31,83,6.25,79,80,81,46,82,90,20,12,10,19,1
25,83,6.17,82,83,79,49,82,90,25,24,19,18,1
23,83,6.0,70,80,78,72,80,51,63,67,79,76,3
21,83,5.83,78,75,84,58,63,62,63,84,74,86,0
28,83,5.67,76,74,82,78,82,62,76,87,66,87,3
23,83,6.17,82,30,66,83,80,49,26,69,26,67,2
22,83,5.83,87,79,78,39,72,64,68,78,77,87,0
26,83,5.83,92,57,69,77,76,64,38,76,50,82,3
25,83,5.92,92,64,76,78,82,51,49,78,63,80,3
23,83,6.25,83,64,75,81,85,55,38,68,66,78,3
22,83,6.0,86,51,68,82,74,39,56,74,44,82,3
28,83,5.83,88,77,83,35,72,65,77,83,74,85,0
23,83,5.75,85,82,72,42,71,48,75,66,85,86,0
23,83,5.83,92,77,77,36,56,49,75,81,75,89,0
21,83,5.92,94,70,76,72,76,46,46,81,73,84,3
21,83,6.0,86,74,78,77,80,45,59,66,70,79,3
42,82,6.33,77,76,74,33,91,90,22,13,15,26,1
35,82,5.75,68,34,62,87,76,68,83,42,21,52,2
37,82,6.0,59,53,68,80,67,71,51,66,36,59,2
37,82,5.83,64,78,85,50,70,68,79,84,72,84,0
34,82,6.17,69,38,46,82,86,72,90,40,24,56,2
33,82,6.17,57,60,66,83,84,69,80,54,37,53,2
34,82,6.0,33,71,86,72,68,45,80,79,56,75,3
30,82,6.17,67,34,49,83,73,54,32,19,34,53,2
35,82,6.0,59,64,73,85,77,49,80,57,50,64,3
34,82,6.0,81,78,75,42,84,90,26,10,12,12,1
33,82,6.25,50,53,68,83,78,38,63,61,45,63,2
35,82,5.67,76,71,82,76,66,38,70,85,61,84,3
35,82,5.5,62,79,85,66,60,42,90,85,78,85,0
34,82,6.17,45,41,62,86,75,36,37,38,27,59,2
31,82,6.17,86,75,76,54,76,90,24,24,20,14,1
32,82,6.0,61,79,85,75,69,51,82,84,77,78,3
31,82,5.92,64,69,85,24,55,50,67,81,68,82,0
34,82,5.92,62,85,76,38,63,43,84,70,87,82,0
33,82,5.75,70,79,84,39,67,61,82,85,78,86,0
31,82,6.08,60,64,72,84,77,44,52,71,58,71,3
31,82,6.17,84,82,77,56,80,90,15,24,14,15,1
31,82,5.75,82,79,80,49,59,59,79,76,77,88,0
31,82,6.08,79,81,78,62,76,38,76,83,80,79,0
34,82,6.25,84,76,75,61,82,90,24,15,10,25,1
31,82,6.33,70,50,72,82,79,45,46,69,34,64,2
31,82,6.33,80,82,79,44,81,64,79,78,81,78,0
34,82,6.17,68,74,81,82,77,61,80,90,60,80,3
29,82,6.0,68,77,79,68,73,40,75,75,75,81,3
29,82,5.75,78,80,83,65,68,68,74,79,82,83,0
30,82,5.92,54,65,81,83,73,55,54,80,62,75,3
27,82,6.42,85,79,80,55,78,90,25,20,19,12,1
29,82,6.17,82,61,74,79,79,64,53,76,56,80,3
30,82,6.17,81,80,79,49,79,90,22,14,11,19,1
30,82,6.25,84,79,78,54,79,90,22,11,15,19,1
27,82,6.17,82,82,71,56,79,90,21,11,11,19,1
29,82,6.0,91,79,76,44,71,46,77,77,80,81,0
28,82,5.92,53,86,85,50,63,64,81,90,84,86,0
28,82,6.17,66,63,72,80,85,58,57,58,57,75,2
32,82,6.17,82,78,76,53,81,90,14,18,14,24,1
27,82,6.25,80,80,71,31,77,22,75,73,83,83,0
29,82,6.08,68,49,71,84,83,58,51,67,42,60,2
30,82,6.0,90,76,74,34,72,50,57,78,74,86,0
27,82,6.33,50,53,69,82,85,62,44,51,48,71,2
28,82,6.58,79,81,75,48,83,90,22,11,14,15,1
31,82,6.17,82,76,76,37,81,90,13,15,14,14,1
27,82,5.83,82,80,81,41,68,52,78,82,79,82,0
25,82,6.17,82,83,78,63,84,53,79,79,85,84,3
25,82,6.08,81,82,85,33,79,90,24,25,11,10,1
26,82,6.25,61,58,70,85,78,46,67,68,55,61,2
26,82,6.08,74,78,79,83,87,54,60,71,76,82,3
26,82,5.92,91,81,75,36,65,49,81,76,81,86,0
28,82,5.75,89,80,79,46,71,49,74,81,81,83,0
28,82,6.08,81,79,71,45,83,90,23,14,16,13,1
28,82,6.17,66,66,73,81,80,64,73,82,59,71,3
26,82,6.25,80,82,81,54,75,59,75,75,80,82,0
25,82,5.58,84,80,75,54,70,56,55,74,82,87,0
28,82,6.17,85,78,77,54,78,90,24,12,15,14,1
24,82,6.25,80,80,82,46,82,90,15,18,13,22,1
29,82,5.83,71,85,73,30,71,58,90,76,86,86,0
28,82,5.83,72,37,62,84,80,49,41,60,29,50,2
24,82,6.0,77,54,70,83,79,49,42,78,53,65,2
24,82,6.0,79,80,81,43,61,50,62,81,77,84,0
21,82,5.67,84,79,79,27,64,53,68,79,75,85,0
25,82,6.0,83,74,78,77,80,64,50,82,77,78,3
27,82,6.33,83,81,72,41,81,90,23,15,19,16,1
23,82,5.92,61,75,84,71,73,56,76,78,66,76,3
23,82,5.92,85,68,78,80,77,58,54,78,69,79,3
25,82,6.0,89,78,75,33,66,50,85,78,77,85,0
25,82,6.0,84,74,79,78,82,51,64,73,74,82,3
24,82,5.83,77,77,82,65,73,56,65,78,76,85,3
24,82,6.17,63,78,78,74,68,60,67,72,79,85,3
32,82,6.25,79,84,77,42,83,90,14,10,8,9,1
28,82,6.08,78,43,56,85,79,69,56,40,38,56,2
28,82,6.42,84,76,68,36,76,90,18,11,16,12,1
23,82,5.83,85,55,73,78,70,51,42,79,52,78,3
36,81,5.58,58,70,85,63,59,45,71,75,69,85,3
30,81,6.17,81,80,73,46,80,75,77,67,85,78,0
36,81,5.83,74,82,74,37,70,53,85,69,84,80,0
36,81,6.0,54,81,83,67,75,56,85,86,76,74,3
38,81,6.17,64,82,67,36,78,49,84,67,82,74,0
34,81,5.92,63,79,75,31,65,51,76,68,85,82,0
36,81,6.42,77,82,68,37,83,90,23,19,12,12,1
33,81,5.5,85,82,79,27,60,55,88,78,80,83,0
38,81,6.0,59,81,65,49,75,57,86,54,82,74,0
35,81,6.17,68,65,71,83,81,51,78,76,54,65,3
37,81,6.17,66,51,60,82,85,47,57,46,46,58,2
33,81,6.25,52,33,48,84,79,40,43,34,26,43,2
33,81,5.92,64,73,79,75,73,43,83,67,67,74,3
34,81,6.17,67,83,74,43,83,61,80,72,85,76,0
30,81,6.08,71,75,75,78,83,54,67,65,72,76,3
37,81,5.58,74,74,82,30,53,47,78,80,74,87,0
33,81,6.17,81,82,72,40,80,90,21,10,10,10,1
35,81,6.25,80,82,70,48,81,90,22,14,13,14,1
33,81,6.17,80,81,74,48,82,90,25,11,11,12,1
32,81,6.0,70,77,82,72,72,46,70,78,74,81,3
30,81,6.17,68,36,53,84,77,20,27,34,25,56,2
32,81,6.33,80,75,76,51,84,90,41,11,11,14,1
33,81,6.17,65,46,60,84,76,61,45,49,43,54,2
31,81,6.08,66,52,63,84,77,57,34,43,39,58,2
31,81,6.33,37,55,69,84,80,45,52,58,43,61,2
30,81,5.67,82,64,78,77,71,52,77,86,58,75,3
33,81,6.17,45,74,77,79,78,48,68,72,68,80,3
32,81,5.92,66,81,81,45,70,46,92,79,80,82,0
32,81,5.75,80,78,78,47,69,49,80,75,79,87,0
32,81,5.67,92,78,75,47,67,53,72,73,74,87,0
29,81,5.67,86,76,73,58,69,48,76,74,75,86,0
29,81,6.17,65,75,78,77,79,50,64,83,71,78,3
32,81,5.83,89,72,78,72,64,38,65,83,64,90,3
28,81,6.0,77,73,73,82,82,60,60,67,72,74,3
28,81,5.58,78,77,80,46,67,59,65,79,70,84,0
29,81,5.83,69,67,80,63,62,53,64,72,62,85,3
29,81,6.42,59,43,54,83,86,73,72,17,42,64,2
30,81,5.58,81,75,81,63,69,64,74,73,76,85,0
28,81,5.75,73,76,82,57,57,58,69,83,77,84,0
31,81,5.92,82,82,72,65,77,90,12,20,12,17,1
31,81,6.08,81,80,77,53,80,90,21,17,10,12,1
28,81,6.0,80,80,83,36,64,49,82,83,78,81,0
26,81,5.75,78,84,67,35,62,53,71,53,85,78,0
27,81,5.83,73,84,79,41,84,43,72,78,84,79,0
30,81,5.83,82,64,74,75,75,51,51,80,60,83,3
28,81,6.0,72,64,73,76,79,55,48,80,62,74,3
27,81,5.75,89,75,78,55,60,43,53,79,70,87,0
28,81,6.25,77,73,76,77,84,51,65,81,70,75,3
26,81,5.75,76,75,82,33,53,56,72,84,70,87,0
29,81,5.67,81,77,76,77,73,48,75,76,70,77,3
28,81,5.83,81,53,70,77,78,66,56,77,51,74,3
32,81,6.0,79,82,75,39,73,62,75,69,86,82,0
29,81,6.17,61,35,54,84,72,66,37,35,34,47,2
25,81,6.08,80,54,77,77,77,47,50,87,39,79,3
26,81,6.08,81,77,87,48,77,90,45,17,19,14,1
26,81,6.08,68,85,64,39,73,62,79,58,88,76,0
27,81,6.25,70,43,67,82,80,59,40,68,32,60,2
26,81,6.0,84,78,69,39,76,90,31,15,12,13,1
26,81,6.25,70,80,62,51,82,40,91,42,84,74,0
29,81,6.33,77,79,82,44,82,90,19,15,14,16,1
24,81,5.92,78,53,74,80,78,49,44,75,44,78,3
27,81,5.58,89,80,61,25,75,60,79,53,85,76,0
29,81,6.08,64,68,72,82,80,60,80,68,60,71,3
27,81,5.58,79,71,79,75,70,64,66,74,69,82,3
25,81,6.33,72,74,78,77,79,52,67,70,69,78,3
26,81,5.58,77,53,71,79,70,45,46,78,49,76,3
23,81,6.0,81,79,62,30,83,49,76,50,85,75,0
26,81,6.17,84,76,67,43,77,90,18,15,12,13,1
22,81,5.83,78,80,70,32,67,44,85,72,83,82,0
24,81,5.58,80,76,81,59,62,60,68,83,75,84,0
27,81,6.25,80,79,77,48,80,90,25,12,14,15,1
25,81,6.17,84,75,77,39,69,44,57,74,77,88,0
30,81,6.0,76,78,81,70,74,51,73,77,78,83,3
28,81,5.75,83,65,77,75,88,54,54,81,56,78,3
26,81,6.08,94,79,72,39,81,66,64,76,79,81,0
23,81,5.75,64,78,82,69,71,50,72,79,73,78,3
26,81,5.58,83,77,78,42,55,48,70,80,76,83,0
23,81,5.75,75,76,84,54,58,65,74,81,72,81,0
24,81,6.17,74,45,56,82,81,47,44,36,40,63,2
25,81,5.67,71,73,76,65,66,59,58,62,74,87,3
24,81,5.75,86,75,73,32,60,73,64,74,76,87,0
27,81,6.5,65,82,59,39,85,62,77,42,86,65,0
24,81,5.5,74,67,75,79,74,39,48,71,61,77,3
23,81,5.83,87,79,76,36,69,50,69,78,76,83,0
24,81,6.17,73,39,67,82,84,53,50,62,31,60,2
24,81,6.08,69,53,73,81,76,53,51,77,43,68,2
28,81,6.33,78,80,79,37,81,90,9,30,20,8,1
21,81,5.83,89,70,72,37,59,63,61,72,72,86,0
23,81,5.83,76,52,74,77,75,48,52,78,47,78,3
24,81,5.92,71,61,57,82,80,73,62,40,56,60,2
28,81,5.67,93,66,75,72,77,60,65,81,59,77,3
20,81,5.75,77,57,74,82,68,62,77,61,53,77,3
28,81,6.17,78,84,62,33,71,78,77,56,85,75,0
20,81,5.83,79,54,76,75,74,60,61,82,51,77,3
24,81,5.92,82,73,77,52,70,45,55,67,72,84,0
28,81,6.0,76,81,67,20,78,43,87,68,85,78,0
23,81,5.92,83,78,72,50,80,51,75,73,82,84,0
23,81,5.75,91,75,74,49,71,50,73,76,72,84,0
19,81,5.92,96,67,69,76,76,47,60,73,67,85,3
22,81,5.75,76,75,80,66,69,48,71,68,76,85,3
26,81,5.75,89,62,77,54,63,47,55,83,67,82,0
25,81,6.33,65,69,73,80,83,43,70,69,68,74,3
21,81,5.67,81,67,78,73,74,50,47,80,67,79,3
23,81,6.17,65,38,54,83,84,47,45,34,29,57,2
20,81,6.0,82,76,78,34,64,59,66,77,77,82,0
20,81,5.58,93,66,74,43,53,47,42,74,71,87,0
20,81,5.92,81,81,74,40,69,66,68,73,82,83,0
22,81,5.67,84,67,76,75,75,55,54,81,64,81,3
37,80,5.58,53,76,87,59,61,47,77,83,65,75,3
35,80,5.75,68,82,75,31,69,63,75,68,84,82,0
39,80,5.92,38,84,87,21,67,53,86,83,81,82,0
34,80,6.17,62,81,79,73,79,51,91,73,75,71,3
34,80,5.83,61,62,88,68,61,76,85,87,57,83,3
35,80,5.83,74,80,83,69,78,77,84,82,73,78,3
36,80,5.92,74,82,78,30,57,65,78,76,80,88,0
35,80,6.25,54,79,79,67,77,53,89,67,75,80,3
34,80,6.17,57,80,80,22,60,53,86,78,83,81,0
38,80,5.83,69,79,83,44,57,50,75,84,81,83,0
37,80,6.08,83,77,62,41,77,90,13,18,12,27,1
34,80,6.17,29,62,76,76,80,46,70,66,53,65,2
32,80,6.5,26,41,55,84,69,50,42,38,36,39,2
33,80,6.17,78,79,71,43,78,90,21,14,14,12,1
35,80,5.75,46,80,83,30,60,46,90,79,77,83,0
34,80,5.75,58,70,82,77,77,45,89,86,62,77,3
35,80,6.08,62,76,79,30,58,19,84,74,74,79,0
33,80,5.83,72,76,79,37,67,40,70,80,70,86,0
33,80,6.17,48,75,84,46,60,47,84,88,74,77,0
33,80,5.92,79,58,74,76,76,57,66,81,54,75,3
34,80,6.08,77,72,78,50,82,90,10,19,13,15,1
34,80,5.67,80,78,78,38,70,53,71,77,77,82,0
34,80,6.0,67,82,67,36,74,56,83,64,84,78,0
37,80,5.92,64,85,75,30,63,26,85,66,84,79,0
32,80,6.08,73,68,77,73,79,71,63,65,64,89,3
34,80,5.83,64,80,69,43,69,43,81,55,83,73,0
35,80,6.08,65,49,66,81,77,53,49,48,43,67,2
32,80,6.17,57,32,61,82,75,67,44,52,28,42,2
28,80,6.0,75,78,80,55,71,57,75,78,76,85,0
33,80,6.0,46,83,81,72,83,75,81,80,83,80,3
31,80,5.92,75,77,80,77,76,56,64,79,75,76,3
33,80,6.33,78,76,81,45,79,90,16,11,14,12,1
35,80,6.0,72,68,74,81,78,57,65,77,64,71,3
32,80,5.83,52,72,83,67,71,59,69,80,65,68,3
34,80,5.92,67,61,72,80,68,29,61,76,55,73,3
33,80,6.25,77,80,78,55,79,90,25,12,11,12,1
36,80,6.08,62,61,68,81,83,61,58,72,57,58,2
31,80,6.25,61,55,64,81,75,54,61,50,55,46,2
31,80,6.17,73,79,65,48,86,55,75,65,82,75,0
33,80,6.17,60,65,74,79,77,54,75,68,55,68,3
28,80,5.92,85,77,69,32,69,59,74,68,80,81,0
33,80,5.33,80,77,78,27,56,21,73,73,76,85,0
31,80,5.5,79,78,77,44,70,60,74,77,76,85,0
30,80,5.67,79,76,77,46,75,57,79,75,76,80,0
31,80,5.83,81,68,73,77,74,48,67,69,65,77,3
32,80,6.17,57,60,69,78,82,52,58,63,48,68,2
31,80,5.92,59,82,78,59,72,53,83,74,80,78,3
30,80,6.0,70,44,64,82,73,41,50,60,33,68,2
30,80,5.92,72,77,82,72,67,60,68,82,70,83,3
29,80,5.75,71,67,76,79,81,51,52,69,64,80,3
33,80,5.92,80,82,77,46,86,46,78,75,79,85,0
32,80,5.58,73,76,76,43,50,52,66,78,75,82,0
33,80,6.25,81,80,77,52,78,90,29,35,11,16,1
29,80,6.17,55,78,70,50,76,53,67,66,80,66,3
28,80,6.0,78,75,80,37,61,45,75,82,70,85,0
30,80,5.83,52,71,78,77,69,59,50,68,72,78,3
29,80,5.92,68,64,74,79,84,54,66,72,61,75,3
31,80,6.33,44,68,76,80,77,57,64,70,59,78,3
29,80,5.92,81,78,77,41,70,46,76,73,77,78,0
27,80,5.75,70,76,84,55,69,49,79,82,76,85,0
30,80,5.75,72,63,75,79,71,58,66,79,56,68,3
29,80,6.0,75,70,71,79,77,53,50,78,68,73,3
31,80,5.83,78,75,78,56,64,42,72,78,73,83,0
29,80,6.08,66,63,76,80,81,47,43,80,58,75,3
29,80,6.17,53,40,59,80,78,58,52,59,33,63,2
28,80,6.17,67,80,67,40,82,68,76,54,82,76,0
27,80,5.83,76,81,67,32,69,57,79,64,85,79,0
28,80,6.08,71,68,76,80,83,53,50,68,57,69,3
34,80,5.83,68,69,77,77,79,55,75,68,64,77,3
30,80,6.17,68,76,72,76,81,50,78,63,72,70,3
27,80,5.75,76,60,73,77,77,57,64,81,55,76,3
29,80,6.0,72,61,72,80,74,58,52,57,55,70,3
29,80,6.0,90,80,72,36,77,45,71,74,84,77,0
28,80,6.0,81,75,82,52,78,90,25,23,11,13,1
27,80,6.08,52,65,80,70,80,46,63,71,50,66,3
27,80,5.83,63,73,82,70,72,42,69,77,73,80,3
27,80,5.92,87,51,74,73,75,58,56,81,48,75,3
30,80,5.92,78,37,66,80,80,51,45,70,32,59,2
29,80,6.17,80,78,77,42,80,90,20,13,11,11,1
27,80,6.08,71,70,65,81,82,60,61,53,65,54,2
26,80,6.17,75,76,80,55,63,50,65,79,74,83,0
26,80,5.83,88,75,75,30,65,64,77,76,75,87,0
27,80,5.75,88,65,74,76,76,52,51,81,63,80,3
27,80,6.08,59,45,67,81,79,50,52,59,40,61,2
29,80,6.42,62,36,64,80,83,49,56,50,32,63,2
26,80,6.17,68,36,69,82,77,51,44,62,29,69,2
28,80,6.0,74,43,74,74,81,55,54,86,28,76,2
25,80,5.83,85,51,70,76,65,61,62,75,52,77,3
32,80,5.67,75,69,74,78,79,56,67,81,64,74,3
28,80,5.92,78,55,73,78,76,58,52,81,44,74,3
25,80,6.25,67,51,61,80,84,59,59,49,47,50,2
29,80,6.0,71,56,64,81,80,63,39,51,42,53,2
27,80,6.0,73,58,75,78,74,45,54,78,58,75,3
27,80,5.92,73,83,77,39,74,69,65,78,85,79,0
24,80,5.92,76,74,80,46,61,51,58,78,73,85,0
28,80,6.17,43,57,76,75,85,45,60,68,52,72,2
25,80,6.08,78,75,78,30,58,55,60,82,77,86,0
26,80,5.92,76,81,57,41,81,53,77,42,88,78,0
29,80,5.67,81,73,78,58,69,50,56,80,72,81,0
26,80,5.92,79,72,81,70,60,50,51,77,68,85,3
25,80,5.67,76,69,78,55,65,57,72,79,68,86,0
25,80,6.0,78,80,79,36,68,27,76,75,79,81,0
28,80,5.58,82,71,72,75,69,54,64,81,71,82,3
25,80,6.25,61,39,55,84,72,30,36,40,33,64,2
26,80,6.0,65,74,80,64,70,68,70,72,74,85,3
26,80,6.08,80,75,80,60,65,64,72,81,68,84,0
27,80,5.83,69,69,80,64,67,45,66,76,64,84,3
24,80,6.08,61,70,76,77,80,50,51,66,63,76,3
33,80,6.17,78,76,67,43,81,90,20,18,11,19,1
26,80,6.25,82,77,74,44,80,90,25,20,18,16,1
23,80,5.67,93,70,72,25,63,45,58,70,67,91,0
25,80,5.92,72,77,78,76,77,54,70,67,75,76,3
28,80,6.17,65,68,77,78,75,20,56,71,61,82,3
23,80,5.75,73,66,80,75,72,58,55,86,59,82,3
25,80,6.17,64,50,72,81,77,52,54,62,42,71,2
24,80,5.75,93,75,71,41,64,59,73,73,75,81,0
24,80,6.17,84,51,66,82,77,44,26,72,59,71,2
23,80,5.83,69,70,79,69,70,63,55,74,68,83,3
27,80,5.75,80,63,70,73,80,46,45,78,59,76,3
25,80,5.67,61,73,76,75,63,49,65,62,71,79,3
23,80,5.83,83,77,71,53,77,54,63,68,77,84,0
24,80,6.17,70,76,78,77,78,57,58,73,77,83,3
22,80,6.17,83,42,69,80,77,57,45,74,30,73,2
25,80,5.67,94,71,72,51,61,43,66,76,69,87,0
25,80,6.25,83,72,78,43,81,90,24,12,13,19,1
23,80,5.75,73,66,81,77,69,61,59,82,59,79,3
22,80,6.33,84,80,70,48,77,62,70,74,82,85,0
25,80,6.0,75,49,72,80,79,44,45,71,42,66,2
22,80,5.83,94,76,73,33,64,60,71,73,74,84,0
24,80,5.83,76,51,70,77,70,65,41,81,48,78,3
24,80,6.0,81,75,78,41,81,90,21,18,11,14,1
20,80,5.58,80,72,77,26,45,48,74,73,72,82,0
32,80,5.83,67,39,55,81,85,47,43,39,31,47,2
23,80,6.25,81,77,68,47,83,90,24,16,14,12,1
24,80,6.08,69,46,60,80,80,34,52,46,39,65,2
22,80,5.83,78,74,80,69,65,43,65,81,74,86,3
22,80,6.0,75,81,68,29,74,49,66,67,85,80,0
22,80,6.0,92,67,73,74,77,43,41,80,65,79,3
24,80,5.75,52,58,71,78,76,55,50,59,49,69,3
21,80,5.83,74,77,79,48,61,56,60,77,78,79,0
23,80,6.25,80,80,70,49,77,90,16,14,9,13,1
23,80,5.92,74,66,80,69,72,46,60,69,59,88,3
23,80,5.75,86,73,73,36,65,48,69,67,75,86,0
19,80,5.75,95,69,71,29,66,36,65,71,68,88,0
23,80,6.08,68,81,68,32,82,46,72,59,84,72,0
22,80,6.08,78,50,66,81,81,61,60,72,48,70,2
22,80,5.83,83,75,76,48,71,58,66,71,74,85,0
25,80,6.17,80,78,74,55,79,90,15,13,12,19,1
22,80,5.75,85,73,78,45,57,49,73,77,75,80,0
32,80,6.25,78,81,77,42,80,90,14,10,8,9,1
36,80,5.92,71,61,57,82,75,80,62,40,56,60,2
36,80,5.83,68,62,74,78,77,55,61,75,58,75,3
32,80,5.58,82,72,77,26,51,48,74,73,72,82,0
28,80,6.17,80,82,60,34,75,78,77,56,82,74,0
32,80,5.83,79,54,75,76,74,60,61,77,51,77,3
28,80,6.08,80,43,56,82,76,70,56,40,38,56,2
28,80,5.83,81,77,80,40,71,65,77,75,74,79,0
31,80,6.17,80,80,56,29,80,52,62,48,83,75,0
39,79,6.25,77,82,75,52,88,90,74,21,21,21,1
38,79,5.5,78,65,81,77,76,54,79,80,43,74,3
36,79,6.17,74,75,74,28,61,49,73,63,75,82,0
29,79,5.92,78,54,70,85,75,40,72,64,48,69,3
38,79,6.0,40,47,60,80,66,61,38,48,48,51,2
38,79,6.08,82,73,60,55,83,90,24,13,12,25,1
36,79,5.83,73,70,79,43,63,55,74,77,65,82,0
37,79,6.0,69,75,61,28,63,47,77,62,84,68,0
36,79,5.75,74,72,81,24,62,56,73,89,64,84,0
35,79,6.17,44,65,80,74,63,60,64,70,59,71,3
35,79,6.0,52,74,83,28,59,49,87,78,72,82,0
34,79,5.75,73,71,79,78,74,48,59,86,71,75,3
37,79,5.75,65,81,73,34,67,46,88,71,83,82,0
35,79,6.17,77,78,76,40,78,90,13,11,13,14,1
33,79,6.17,51,56,47,81,79,46,75,32,40,54,2
30,79,5.67,74,71,82,34,63,45,84,81,66,84,0
35,79,5.75,66,72,82,35,58,50,80,79,67,79,0
34,79,6.08,77,69,75,49,79,90,16,15,12,10,1
36,79,5.75,61,53,72,79,72,34,60,68,42,58,3
36,79,6.33,77,73,55,42,76,31,50,43,77,68,2
32,79,5.75,79,75,77,66,71,61,73,77,70,83,3
32,79,6.17,78,77,77,49,78,90,15,11,14,13,1
37,79,6.33,80,77,73,49,79,90,41,15,18,14,1
34,79,6.08,55,43,63,80,74,51,51,52,37,62,2
34,79,5.67,74,46,74,74,65,65,63,83,37,78,3
29,79,5.75,75,61,72,77,72,55,57,77,57,76,3
34,79,5.83,57,77,80,45,66,60,78,78,74,81,0
32,79,6.08,66,53,52,78,81,36,38,47,47,58,2
33,79,6.0,58,77,87,45,58,64,71,92,74,78,0
31,79,6.0,82,72,77,34,77,90,26,11,10,12,1
33,79,5.67,86,79,74,43,67,38,81,69,80,74,0
34,79,6.33,78,77,72,52,81,90,12,20,10,23,1
33,79,5.5,59,66,80,74,74,10,66,72,55,70,3
35,79,5.5,72,76,80,34,47,48,80,80,74,80,0
33,79,5.67,73,82,62,34,67,52,69,56,85,77,0
37,79,5.83,73,79,80,38,57,21,79,70,80,77,0
31,79,5.92,47,74,81,67,67,58,73,79,73,76,3
32,79,5.58,58,72,82,36,44,46,80,79,70,80,0
33,79,5.83,87,78,75,29,67,50,78,72,78,78,0
33,79,5.75,72,69,77,76,70,50,61,81,56,75,3
33,79,6.33,39,79,70,42,77,49,83,64,82,69,3
31,79,6.17,52,48,62,79,73,46,56,56,51,62,2
31,79,5.83,70,65,73,79,70,50,55,77,61,77,3
34,79,6.33,54,49,65,80,78,56,49,68,44,67,2
30,79,6.08,69,57,63,77,82,61,58,59,54,63,2
33,79,5.92,79,75,77,53,77,51,77,81,73,80,0
30,79,6.17,77,63,77,77,89,51,60,72,54,83,3
35,79,6.0,57,76,75,79,73,44,45,70,70,75,3
31,79,5.92,75,61,66,79,80,56,49,68,60,57,2
31,79,5.83,74,71,77,42,54,41,88,79,67,87,0
30,79,6.08,55,78,82,60,66,58,78,84,73,78,3
30,79,5.75,84,71,74,34,68,48,62,78,67,83,0
33,79,6.08,67,81,70,48,82,63,90,68,85,74,0
31,79,6.33,79,71,68,40,79,90,22,14,12,13,1
29,79,6.25,74,82,72,24,74,12,91,64,83,80,0
30,79,6.0,65,62,74,75,77,60,68,62,56,73,3
33,79,6.0,73,71,78,75,76,60,80,74,65,77,3
31,79,6.42,68,78,69,29,85,57,83,61,81,73,0
31,79,6.42,34,55,71,77,86,68,57,59,50,70,2
30,79,5.75,93,76,73,40,72,52,74,63,77,80,0
32,79,5.92,83,79,61,30,66,53,77,50,82,77,0
32,79,6.25,37,70,75,77,80,54,69,59,67,69,3
30,79,5.92,62,42,59,80,78,58,42,59,36,59,2
30,79,6.33,68,47,58,81,81,71,52,52,54,59,2
30,79,6.0,69,54,75,78,68,64,45,82,46,75,3
27,79,5.83,86,77,76,46,64,21,69,75,77,79,0
30,79,6.0,66,72,77,79,74,53,74,71,70,78,3
32,79,6.0,54,57,60,80,78,48,45,52,54,51,2
34,79,5.58,73,75,78,40,44,65,75,78,78,84,0
30,79,5.92,83,80,73,48,78,47,85,67,80,78,0
32,79,5.58,75,61,72,78,70,61,56,81,57,70,3
28,79,6.17,63,70,78,75,84,53,74,74,58,67,3
28,79,5.92,84,80,70,33,81,53,75,71,80,76,0
26,79,5.75,79,74,78,67,73,49,69,78,70,84,3
29,79,5.83,88,79,69,27,66,48,78,62,81,85,0
28,79,6.0,72,78,75,40,66,60,74,69,82,79,0
28,79,6.0,69,70,74,78,74,53,67,78,61,74,3
31,79,5.92,77,82,75,32,69,50,82,74,85,78,0
30,79,5.83,75,78,80,59,68,53,65,83,77,80,0
28,79,6.25,81,76,76,36,79,90,22,16,16,19,1
30,79,6.08,77,76,76,41,74,65,74,75,77,82,0
29,79,6.33,82,76,67,46,76,90,36,20,15,12,1
28,79,6.0,67,46,74,80,75,64,35,73,41,65,2
27,79,5.75,69,76,79,68,61,52,67,72,73,86,3
29,79,6.0,72,64,76,77,71,48,76,83,54,79,3
27,79,6.17,69,74,75,79,88,53,45,65,69,76,3
27,79,5.83,63,74,81,74,73,47,84,77,69,77,3
29,79,6.42,60,49,64,80,81,60,43,57,37,62,2
27,79,6.08,47,58,75,79,75,53,60,65,51,62,2
28,79,5.67,75,67,77,75,76,52,61,63,63,70,3
28,79,6.25,78,76,71,37,78,90,22,9,12,15,1
30,79,6.0,68,33,57,80,79,53,36,51,22,49,2
29,79,5.92,87,74,72,37,68,57,68,78,73,85,0
28,79,5.58,65,73,78,50,64,50,76,73,72,83,0
28,79,5.83,79,63,76,73,76,48,80,82,61,78,3
29,79,5.58,82,49,72,73,67,49,60,78,27,78,3
27,79,6.08,49,36,52,81,80,58,41,39,38,52,2
27,79,6.17,59,79,64,62,84,41,73,59,82,75,3
25,79,5.67,60,72,85,66,67,64,82,89,70,75,3
26,79,5.67,86,72,76,47,68,58,60,74,73,80,0
29,79,6.08,54,67,76,77,82,56,90,70,55,62,3
30,79,5.92,67,61,71,79,79,60,52,63,53,64,3
26,79,6.0,66,80,78,73,73,51,57,69,77,78,3
26,79,5.92,68,70,80,75,79,48,64,76,58,78,3
26,79,5.33,88,72,76,46,60,61,69,77,72,79,0
27,79,6.25,82,75,72,46,77,90,13,15,12,12,1
26,79,5.83,65,75,82,59,57,50,71,81,65,85,0
26,79,6.17,63,74,77,77,83,64,67,68,67,81,3
28,79,5.83,70,71,81,32,61,55,71,82,71,80,0
28,79,6.0,70,78,66,32,69,61,74,50,83,78,0
27,79,5.92,63,61,72,75,73,43,68,50,53,76,3
25,79,5.92,74,53,70,81,76,50,53,63,48,69,2
26,79,6.25,78,74,75,30,80,90,30,13,20,18,1
27,79,5.5,71,76,81,39,51,59,77,79,71,83,0
25,79,6.0,81,73,78,43,52,66,59,79,75,82,0
25,79,6.0,89,51,69,74,81,50,35,77,49,72,2
25,79,5.75,81,63,70,75,64,52,55,78,51,79,3
25,79,5.92,73,75,79,72,78,56,68,77,75,78,3
26,79,5.58,78,76,79,38,57,60,69,78,78,79,0
24,79,5.92,82,70,76,69,67,48,67,80,69,81,3
25,79,6.33,81,75,69,47,79,90,21,17,14,18,1
26,79,6.17,58,69,78,70,76,49,55,65,64,78,3
26,79,5.83,81,67,78,71,72,57,41,89,66,73,3
24,79,6.42,66,27,57,80,81,49,38,35,20,55,2
25,79,5.67,78,77,76,42,58,47,71,76,77,82,0
24,79,6.17,66,31,63,82,72,44,36,49,36,66,2
29,79,5.83,76,80,69,30,75,54,80,66,84,74,0
24,79,5.83,96,66,68,38,81,52,47,79,66,92,0
29,79,5.75,87,61,71,72,79,51,58,79,62,80,3
24,79,6.0,75,70,78,31,62,52,67,72,71,81,0
26,79,5.83,73,38,66,79,84,71,32,59,30,66,2
30,79,5.83,77,80,67,38,75,55,75,55,81,75,0
32,79,5.58,88,73,75,71,81,54,64,79,69,81,3
26,79,5.83,78,75,71,58,66,57,73,70,79,83,0
28,79,6.0,65,33,48,82,74,51,37,35,19,62,2
30,79,5.92,48,69,73,79,83,51,58,55,69,72,3
32,79,5.92,86,78,75,58,68,64,76,77,78,86,0
27,79,6.17,67,78,64,45,81,59,68,66,82,74,0
25,79,5.83,72,61,75,76,73,54,46,82,53,74,3
28,79,5.75,82,54,72,73,76,56,47,79,48,76,3
25,79,6.0,60,64,73,75,74,42,46,64,64,76,3
25,79,6.17,64,48,68,77,84,61,45,55,37,77,2
26,79,6.08,88,80,70,39,80,67,63,74,80,80,0
28,79,5.75,69,34,67,78,76,58,32,77,25,60,2
25,79,6.0,75,42,63,79,80,62,39,58,42,67,2
24,79,5.75,80,78,75,35,66,56,66,73,79,82,0
23,79,6.17,83,76,63,38,80,50,77,65,78,76,0
24,79,6.08,59,48,75,77,66,54,52,59,41,74,2
24,79,5.75,67,58,78,72,68,56,51,65,55,81,3
31,79,6.0,68,67,73,74,77,62,62,61,65,76,3
31,79,6.08,69,80,61,31,76,48,76,63,84,79,0
27,79,6.17,66,78,64,35,80,71,78,50,79,73,0
25,79,6.08,69,57,71,77,80,54,70,80,58,74,3
24,79,5.75,91,76,75,49,74,50,72,76,72,77,0
25,79,6.0,65,75,79,67,75,59,69,70,75,79,3
26,79,6.08,74,42,58,79,79,55,46,51,33,60,2
24,79,5.92,80,72,79,67,68,66,52,80,69,84,3
24,79,5.83,68,76,78,70,67,54,55,75,77,79,3
23,79,6.17,72,58,79,73,73,55,64,77,52,84,3
29,79,6.08,89,79,62,41,90,56,71,65,80,64,0
22,79,6.42,68,49,74,76,85,51,46,65,34,77,2
24,79,6.08,75,71,81,72,69,53,67,74,67,77,3
26,79,5.67,82,81,65,48,83,47,72,59,82,79,0
22,79,6.17,73,81,69,29,67,51,78,50,81,78,0
24,79,6.0,71,79,64,43,75,53,83,59,82,80,0
24,79,5.83,88,79,74,46,65,48,73,76,76,85,0
21,79,6.08,77,40,61,79,81,45,39,48,39,68,2
20,79,5.5,89,58,70,74,59,59,49,78,45,76,3
28,79,5.75,83,52,70,76,71,38,55,78,47,68,3
24,79,5.83,67,62,74,78,76,55,61,75,58,75,3
20,79,6.17,71,70,70,80,83,55,72,52,68,72,3
28,79,6.08,81,75,71,60,77,90,15,8,9,18,1
20,79,5.75,83,79,65,28,64,48,74,42,81,82,0
27,79,5.92,70,79,81,66,79,52,83,79,73,81,3
21,79,6.08,87,79,63,39,79,53,75,64,83,70,0
24,79,6.17,79,60,66,76,89,54,42,76,64,71,2
20,79,6.33,82,80,65,28,69,40,75,61,82,78,0
23,79,5.92,65,67,76,75,80,46,51,65,67,70,3
24,79,5.75,78,52,71,75,65,52,62,81,45,76,3
23,79,5.92,79,74,79,62,70,51,73,78,73,78,3
21,79,6.08,65,44,65,78,77,47,30,39,31,68,2
22,79,5.75,89,70,73,33,60,52,69,73,70,83,0
28,79,6.5,80,77,75,34,79,90,13,10,5,13,1
22,79,5.92,83,72,75,45,57,40,49,77,74,81,0
23,79,6.0,67,69,76,64,67,53,49,65,65,81,3
20,79,6.0,69,46,71,77,74,45,63,60,39,67,2
23,79,6.33,68,71,75,76,84,42,59,70,66,77,3
24,79,5.67,76,81,78,63,58,51,78,77,78,82,0
20,79,5.58,75,70,76,56,55,52,64,69,74,78,0
22,79,5.75,83,32,66,74,75,49,40,79,20,72,2
22,79,5.92,78,75,77,73,71,45,66,67,67,81,3
21,79,6.42,59,34,61,81,81,55,30,46,26,51,2
25,79,6.17,60,68,75,77,78,67,50,65,70,70,3
24,79,5.75,91,70,72,72,72,47,59,75,73,83,3
23,79,6.0,83,64,71,75,76,49,38,80,66,74,3
21,79,5.83,77,34,57,81,73,56,43,45,32,67,2
24,79,6.25,78,77,74,23,79,90,20,13,9,8,1
33,79,5.75,79,80,57,27,68,46,70,36,84,78,0
19,79,5.75,87,75,70,32,57,42,74,72,78,84,0
22,79,5.83,68,76,77,50,60,66,66,77,75,83,0
25,79,6.25,75,80,57,41,83,54,71,45,83,77,0
32,79,5.5,87,58,70,74,53,59,49,78,45,76,3
24,79,5.83,78,51,69,76,67,74,41,79,48,78,3
32,79,5.75,81,57,72,78,74,62,77,61,53,77,3
28,79,6.08,81,75,71,60,77,90,15,8,9,18,1
39,78,5.83,60,72,85,41,57,32,90,90,70,77,0
37,78,6.0,58,71,85,52,74,51,70,82,62,66,3
34,78,5.83,59,50,66,78,79,39,59,55,35,55,2
38,78,6.0,43,80,80,58,68,59,84,79,77,74,3
35,78,5.92,74,77,82,46,70,72,82,83,72,81,0
33,78,5.92,52,73,83,61,63,47,72,76,60,75,3
34,78,6.17,54,80,76,34,57,39,84,74,79,80,0
30,78,5.92,77,62,77,76,71,62,72,76,49,72,3
36,78,6.67,64,82,59,47,81,90,76,57,84,56,2
35,78,6.5,29,58,49,79,80,51,52,37,55,30,2
34,78,6.0,49,72,83,28,61,54,86,84,69,86,0
32,78,5.83,76,69,72,50,62,50,74,70,70,78,0
33,78,5.75,45,72,81,70,66,66,85,77,68,73,3
35,78,5.92,66,81,79,28,66,42,81,77,79,80,0
29,78,5.83,63,76,83,61,67,56,79,78,71,76,3
36,78,6.17,82,72,80,39,79,90,11,11,11,13,1
33,78,6.0,37,45,71,75,78,45,56,66,27,65,2
33,78,6.25,77,76,70,28,80,90,21,13,14,13,1
34,78,6.17,80,81,65,34,77,60,79,68,82,69,0
33,78,6.0,69,69,71,77,82,51,74,64,61,73,3
31,78,5.83,84,75,76,69,68,58,72,77,71,78,3
